-- MySQL dump 10.13  Distrib 5.5.57, for debian-linux-gnu (x86_64)
--
-- Host: localhost    Database: stock
-- ------------------------------------------------------
-- Server version	5.5.57-0+deb8u1

/*!40101 SET @OLD_CHARACTER_SET_CLIENT=@@CHARACTER_SET_CLIENT */;
/*!40101 SET @OLD_CHARACTER_SET_RESULTS=@@CHARACTER_SET_RESULTS */;
/*!40101 SET @OLD_COLLATION_CONNECTION=@@COLLATION_CONNECTION */;
/*!40101 SET NAMES utf8 */;
/*!40103 SET @OLD_TIME_ZONE=@@TIME_ZONE */;
/*!40103 SET TIME_ZONE='+00:00' */;
/*!40014 SET @OLD_UNIQUE_CHECKS=@@UNIQUE_CHECKS, UNIQUE_CHECKS=0 */;
/*!40014 SET @OLD_FOREIGN_KEY_CHECKS=@@FOREIGN_KEY_CHECKS, FOREIGN_KEY_CHECKS=0 */;
/*!40101 SET @OLD_SQL_MODE=@@SQL_MODE, SQL_MODE='NO_AUTO_VALUE_ON_ZERO' */;
/*!40111 SET @OLD_SQL_NOTES=@@SQL_NOTES, SQL_NOTES=0 */;

--
-- Table structure for table `art_articulo`
--

DROP TABLE IF EXISTS `art_articulo`;
/*!40101 SET @saved_cs_client     = @@character_set_client */;
/*!40101 SET character_set_client = utf8 */;
CREATE TABLE `art_articulo` (
  `id_articulo` int(11) NOT NULL AUTO_INCREMENT,
  `nombre` varchar(100) COLLATE utf8_unicode_ci DEFAULT NULL,
  `descripcion` varchar(200) COLLATE utf8_unicode_ci DEFAULT NULL,
  KEY `id_articulo` (`id_articulo`)
) ENGINE=InnoDB AUTO_INCREMENT=33 DEFAULT CHARSET=utf8 COLLATE=utf8_unicode_ci;
/*!40101 SET character_set_client = @saved_cs_client */;

--
-- Dumping data for table `art_articulo`
--

LOCK TABLES `art_articulo` WRITE;
/*!40000 ALTER TABLE `art_articulo` DISABLE KEYS */;
INSERT INTO `art_articulo` VALUES (1,'Pantalon','Pantalones convencionales'),(2,'Jeans','null'),(3,'Camisa','null'),(4,'Jeans ','null'),(5,'Zapatillas ','null'),(6,'Remeras ','null'),(7,'Short ','null'),(8,'Bermudas ','null'),(9,'Sweeter ','null'),(10,'Buzos','null'),(11,'Camperas','null'),(12,'Musculosas ','null'),(13,'Jeans Dama','null'),(14,'Short Jeans ','null'),(15,'Pollera Jeans ','null'),(16,'Pollera Engomada ','null'),(17,' Mangas Largas Remeras ','null'),(18,'Remera Dama ','null'),(19,'Musculosa Dama','null'),(20,'Sweeter Dama ','null'),(21,'Campera Dama ','null'),(22,'Tiradores ','null'),(23,'Corbatines ','null'),(24,'Moños ','null'),(25,'Lana Gorros ','null'),(26,'Perfumes ','null'),(27,'Boxer','null'),(28,'Boxer ','null'),(29,'Cinto','null'),(30,'Cinto Cuero ','null'),(31,'Calza','null'),(32,'Gorras','null');
/*!40000 ALTER TABLE `art_articulo` ENABLE KEYS */;
UNLOCK TABLES;

--
-- Table structure for table `art_carga`
--

DROP TABLE IF EXISTS `art_carga`;
/*!40101 SET @saved_cs_client     = @@character_set_client */;
/*!40101 SET character_set_client = utf8 */;
CREATE TABLE `art_carga` (
  `id_carga` int(11) NOT NULL AUTO_INCREMENT,
  `fecha_hora` datetime NOT NULL,
  `id_usuario` int(11) NOT NULL,
  KEY `id_usuario` (`id_usuario`),
  KEY `id_carga` (`id_carga`),
  CONSTRAINT `art_carga_ibfk_1` FOREIGN KEY (`id_usuario`) REFERENCES `usuarios` (`id_usuarios`) ON DELETE NO ACTION ON UPDATE CASCADE
) ENGINE=InnoDB AUTO_INCREMENT=1340 DEFAULT CHARSET=utf8 COLLATE=utf8_unicode_ci;
/*!40101 SET character_set_client = @saved_cs_client */;

--
-- Dumping data for table `art_carga`
--

LOCK TABLES `art_carga` WRITE;
/*!40000 ALTER TABLE `art_carga` DISABLE KEYS */;
INSERT INTO `art_carga` VALUES (1,'0000-00-00 00:00:00',1),(2,'0000-00-00 00:00:00',1),(3,'0000-00-00 00:00:00',1),(4,'0000-00-00 00:00:00',1),(5,'0000-00-00 00:00:00',1),(6,'0000-00-00 00:00:00',1),(7,'2017-11-02 00:11:00',1),(8,'0000-00-00 00:00:00',1),(9,'0000-00-00 00:00:00',1),(10,'2017-11-02 00:11:00',1),(11,'0000-00-00 00:00:00',1),(12,'0000-00-00 00:00:00',1),(13,'0000-00-00 00:00:00',1),(14,'2017-11-02 00:11:00',1),(15,'0000-00-00 00:00:00',1),(16,'0000-00-00 00:00:00',1),(17,'0000-00-00 00:00:00',1),(18,'0000-00-00 00:00:00',1),(19,'0000-00-00 00:00:00',1),(20,'2017-11-01 00:11:00',1),(21,'0000-00-00 00:00:00',1),(22,'0000-00-00 00:00:00',1),(23,'2017-11-01 00:11:00',1),(24,'0000-00-00 00:00:00',1),(25,'0000-00-00 00:00:00',1),(26,'0000-00-00 00:00:00',1),(27,'0000-00-00 00:00:00',1),(28,'0000-00-00 00:00:00',1),(29,'0000-00-00 00:00:00',1),(30,'0000-00-00 00:00:00',1),(31,'0000-00-00 00:00:00',1),(32,'0000-00-00 00:00:00',1),(33,'0000-00-00 00:00:00',1),(34,'0000-00-00 00:00:00',1),(35,'0000-00-00 00:00:00',1),(36,'0000-00-00 00:00:00',1),(37,'0000-00-00 00:00:00',1),(38,'0000-00-00 00:00:00',1),(39,'0000-00-00 00:00:00',1),(40,'0000-00-00 00:00:00',1),(41,'0000-00-00 00:00:00',1),(42,'0000-00-00 00:00:00',1),(43,'0000-00-00 00:00:00',1),(44,'0000-00-00 00:00:00',1),(45,'0000-00-00 00:00:00',1),(46,'0000-00-00 00:00:00',1),(47,'0000-00-00 00:00:00',1),(48,'0000-00-00 00:00:00',1),(49,'0000-00-00 00:00:00',1),(50,'0000-00-00 00:00:00',1),(51,'0000-00-00 00:00:00',1),(52,'0000-00-00 00:00:00',1),(53,'0000-00-00 00:00:00',1),(54,'0000-00-00 00:00:00',1),(55,'0000-00-00 00:00:00',1),(56,'0000-00-00 00:00:00',1),(57,'0000-00-00 00:00:00',1),(58,'0000-00-00 00:00:00',1),(59,'0000-00-00 00:00:00',1),(60,'0000-00-00 00:00:00',1),(61,'0000-00-00 00:00:00',1),(62,'0000-00-00 00:00:00',1),(63,'0000-00-00 00:00:00',1),(64,'0000-00-00 00:00:00',1),(65,'0000-00-00 00:00:00',1),(66,'0000-00-00 00:00:00',1),(67,'0000-00-00 00:00:00',1),(68,'0000-00-00 00:00:00',1),(69,'0000-00-00 00:00:00',1),(70,'0000-00-00 00:00:00',1),(71,'0000-00-00 00:00:00',1),(72,'0000-00-00 00:00:00',1),(73,'0000-00-00 00:00:00',1),(74,'0000-00-00 00:00:00',1),(75,'0000-00-00 00:00:00',1),(76,'0000-00-00 00:00:00',1),(77,'0000-00-00 00:00:00',1),(78,'0000-00-00 00:00:00',1),(79,'0000-00-00 00:00:00',1),(80,'0000-00-00 00:00:00',1),(81,'0000-00-00 00:00:00',1),(82,'0000-00-00 00:00:00',1),(83,'0000-00-00 00:00:00',1),(84,'0000-00-00 00:00:00',1),(85,'0000-00-00 00:00:00',1),(86,'0000-00-00 00:00:00',1),(87,'0000-00-00 00:00:00',1),(88,'0000-00-00 00:00:00',1),(89,'0000-00-00 00:00:00',1),(90,'0000-00-00 00:00:00',1),(91,'0000-00-00 00:00:00',1),(92,'0000-00-00 00:00:00',1),(93,'0000-00-00 00:00:00',1),(94,'0000-00-00 00:00:00',1),(95,'0000-00-00 00:00:00',1),(96,'0000-00-00 00:00:00',1),(97,'0000-00-00 00:00:00',1),(98,'0000-00-00 00:00:00',1),(99,'0000-00-00 00:00:00',1),(100,'0000-00-00 00:00:00',1),(101,'0000-00-00 00:00:00',1),(102,'0000-00-00 00:00:00',1),(103,'0000-00-00 00:00:00',1),(104,'0000-00-00 00:00:00',1),(105,'0000-00-00 00:00:00',1),(106,'0000-00-00 00:00:00',1),(107,'0000-00-00 00:00:00',1),(108,'0000-00-00 00:00:00',1),(109,'0000-00-00 00:00:00',1),(110,'0000-00-00 00:00:00',1),(111,'0000-00-00 00:00:00',1),(112,'0000-00-00 00:00:00',1),(113,'0000-00-00 00:00:00',1),(114,'0000-00-00 00:00:00',1),(115,'0000-00-00 00:00:00',1),(116,'0000-00-00 00:00:00',1),(117,'0000-00-00 00:00:00',1),(118,'0000-00-00 00:00:00',1),(119,'0000-00-00 00:00:00',1),(120,'0000-00-00 00:00:00',1),(121,'0000-00-00 00:00:00',1),(122,'0000-00-00 00:00:00',1),(123,'0000-00-00 00:00:00',1),(124,'0000-00-00 00:00:00',1),(125,'0000-00-00 00:00:00',1),(126,'0000-00-00 00:00:00',1),(127,'0000-00-00 00:00:00',1),(128,'0000-00-00 00:00:00',1),(129,'0000-00-00 00:00:00',1),(130,'0000-00-00 00:00:00',1),(131,'0000-00-00 00:00:00',1),(132,'0000-00-00 00:00:00',1),(133,'0000-00-00 00:00:00',1),(134,'0000-00-00 00:00:00',1),(135,'0000-00-00 00:00:00',1),(136,'0000-00-00 00:00:00',1),(137,'0000-00-00 00:00:00',1),(138,'0000-00-00 00:00:00',1),(139,'0000-00-00 00:00:00',1),(140,'0000-00-00 00:00:00',1),(141,'0000-00-00 00:00:00',1),(142,'0000-00-00 00:00:00',1),(143,'0000-00-00 00:00:00',1),(144,'0000-00-00 00:00:00',1),(145,'0000-00-00 00:00:00',1),(146,'0000-00-00 00:00:00',1),(147,'0000-00-00 00:00:00',1),(148,'0000-00-00 00:00:00',1),(149,'0000-00-00 00:00:00',1),(150,'0000-00-00 00:00:00',1),(151,'0000-00-00 00:00:00',1),(152,'0000-00-00 00:00:00',1),(153,'0000-00-00 00:00:00',1),(154,'0000-00-00 00:00:00',1),(155,'0000-00-00 00:00:00',1),(156,'0000-00-00 00:00:00',1),(157,'0000-00-00 00:00:00',1),(158,'0000-00-00 00:00:00',1),(159,'0000-00-00 00:00:00',1),(160,'0000-00-00 00:00:00',1),(161,'0000-00-00 00:00:00',1),(162,'0000-00-00 00:00:00',1),(163,'0000-00-00 00:00:00',1),(164,'0000-00-00 00:00:00',1),(165,'0000-00-00 00:00:00',1),(166,'0000-00-00 00:00:00',1),(167,'0000-00-00 00:00:00',1),(168,'0000-00-00 00:00:00',1),(169,'0000-00-00 00:00:00',1),(170,'0000-00-00 00:00:00',1),(171,'0000-00-00 00:00:00',1),(172,'0000-00-00 00:00:00',1),(173,'0000-00-00 00:00:00',1),(174,'0000-00-00 00:00:00',1),(175,'0000-00-00 00:00:00',1),(176,'0000-00-00 00:00:00',1),(177,'0000-00-00 00:00:00',1),(178,'0000-00-00 00:00:00',1),(179,'0000-00-00 00:00:00',1),(180,'0000-00-00 00:00:00',1),(181,'0000-00-00 00:00:00',1),(182,'0000-00-00 00:00:00',1),(183,'0000-00-00 00:00:00',1),(184,'0000-00-00 00:00:00',1),(185,'0000-00-00 00:00:00',1),(186,'0000-00-00 00:00:00',1),(187,'0000-00-00 00:00:00',1),(188,'0000-00-00 00:00:00',1),(189,'0000-00-00 00:00:00',1),(190,'0000-00-00 00:00:00',1),(191,'0000-00-00 00:00:00',1),(192,'0000-00-00 00:00:00',1),(193,'0000-00-00 00:00:00',1),(194,'0000-00-00 00:00:00',1),(195,'0000-00-00 00:00:00',1),(196,'0000-00-00 00:00:00',1),(197,'0000-00-00 00:00:00',1),(198,'0000-00-00 00:00:00',1),(199,'0000-00-00 00:00:00',1),(200,'0000-00-00 00:00:00',1),(201,'0000-00-00 00:00:00',1),(202,'0000-00-00 00:00:00',1),(203,'0000-00-00 00:00:00',1),(204,'0000-00-00 00:00:00',1),(205,'0000-00-00 00:00:00',1),(206,'0000-00-00 00:00:00',1),(207,'0000-00-00 00:00:00',1),(208,'0000-00-00 00:00:00',1),(209,'0000-00-00 00:00:00',1),(210,'0000-00-00 00:00:00',1),(211,'0000-00-00 00:00:00',1),(212,'0000-00-00 00:00:00',1),(213,'0000-00-00 00:00:00',1),(214,'0000-00-00 00:00:00',1),(215,'0000-00-00 00:00:00',1),(216,'0000-00-00 00:00:00',1),(217,'0000-00-00 00:00:00',1),(218,'0000-00-00 00:00:00',1),(219,'0000-00-00 00:00:00',1),(220,'0000-00-00 00:00:00',1),(221,'0000-00-00 00:00:00',1),(222,'0000-00-00 00:00:00',1),(223,'0000-00-00 00:00:00',1),(224,'0000-00-00 00:00:00',1),(225,'0000-00-00 00:00:00',1),(226,'0000-00-00 00:00:00',1),(227,'0000-00-00 00:00:00',1),(228,'0000-00-00 00:00:00',1),(229,'0000-00-00 00:00:00',1),(230,'0000-00-00 00:00:00',1),(231,'0000-00-00 00:00:00',1),(232,'0000-00-00 00:00:00',1),(233,'0000-00-00 00:00:00',1),(234,'0000-00-00 00:00:00',1),(235,'0000-00-00 00:00:00',1),(236,'0000-00-00 00:00:00',1),(237,'0000-00-00 00:00:00',1),(238,'0000-00-00 00:00:00',1),(239,'0000-00-00 00:00:00',1),(240,'0000-00-00 00:00:00',1),(241,'0000-00-00 00:00:00',1),(242,'0000-00-00 00:00:00',1),(243,'0000-00-00 00:00:00',1),(244,'0000-00-00 00:00:00',1),(245,'0000-00-00 00:00:00',1),(246,'0000-00-00 00:00:00',1),(247,'0000-00-00 00:00:00',1),(248,'0000-00-00 00:00:00',1),(249,'0000-00-00 00:00:00',1),(250,'0000-00-00 00:00:00',1),(251,'0000-00-00 00:00:00',1),(252,'0000-00-00 00:00:00',1),(253,'0000-00-00 00:00:00',1),(254,'0000-00-00 00:00:00',1),(255,'0000-00-00 00:00:00',1),(256,'0000-00-00 00:00:00',1),(257,'0000-00-00 00:00:00',1),(258,'0000-00-00 00:00:00',1),(259,'0000-00-00 00:00:00',1),(260,'0000-00-00 00:00:00',1),(261,'0000-00-00 00:00:00',1),(262,'0000-00-00 00:00:00',1),(263,'0000-00-00 00:00:00',1),(264,'0000-00-00 00:00:00',1),(265,'0000-00-00 00:00:00',1),(266,'0000-00-00 00:00:00',1),(267,'0000-00-00 00:00:00',1),(268,'0000-00-00 00:00:00',1),(269,'0000-00-00 00:00:00',1),(270,'0000-00-00 00:00:00',1),(271,'0000-00-00 00:00:00',1),(272,'0000-00-00 00:00:00',1),(273,'0000-00-00 00:00:00',1),(274,'0000-00-00 00:00:00',1),(275,'0000-00-00 00:00:00',1),(276,'0000-00-00 00:00:00',1),(277,'0000-00-00 00:00:00',1),(278,'0000-00-00 00:00:00',1),(279,'0000-00-00 00:00:00',1),(280,'0000-00-00 00:00:00',1),(281,'0000-00-00 00:00:00',1),(282,'0000-00-00 00:00:00',1),(283,'0000-00-00 00:00:00',1),(284,'0000-00-00 00:00:00',1),(285,'0000-00-00 00:00:00',1),(286,'0000-00-00 00:00:00',1),(287,'0000-00-00 00:00:00',1),(288,'0000-00-00 00:00:00',1),(289,'0000-00-00 00:00:00',1),(290,'0000-00-00 00:00:00',1),(291,'0000-00-00 00:00:00',1),(292,'0000-00-00 00:00:00',1),(293,'0000-00-00 00:00:00',1),(294,'0000-00-00 00:00:00',1),(295,'0000-00-00 00:00:00',1),(296,'0000-00-00 00:00:00',1),(297,'0000-00-00 00:00:00',1),(298,'0000-00-00 00:00:00',1),(299,'0000-00-00 00:00:00',1),(300,'0000-00-00 00:00:00',1),(301,'0000-00-00 00:00:00',1),(302,'0000-00-00 00:00:00',1),(303,'0000-00-00 00:00:00',1),(304,'0000-00-00 00:00:00',1),(305,'0000-00-00 00:00:00',1),(306,'0000-00-00 00:00:00',1),(307,'0000-00-00 00:00:00',1),(308,'0000-00-00 00:00:00',1),(309,'0000-00-00 00:00:00',1),(310,'0000-00-00 00:00:00',1),(311,'0000-00-00 00:00:00',1),(312,'0000-00-00 00:00:00',1),(313,'0000-00-00 00:00:00',1),(314,'0000-00-00 00:00:00',1),(315,'0000-00-00 00:00:00',1),(316,'0000-00-00 00:00:00',1),(317,'0000-00-00 00:00:00',1),(318,'0000-00-00 00:00:00',1),(319,'0000-00-00 00:00:00',1),(320,'0000-00-00 00:00:00',1),(321,'0000-00-00 00:00:00',1),(322,'0000-00-00 00:00:00',1),(323,'0000-00-00 00:00:00',1),(324,'0000-00-00 00:00:00',1),(325,'0000-00-00 00:00:00',1),(326,'0000-00-00 00:00:00',1),(327,'0000-00-00 00:00:00',1),(328,'0000-00-00 00:00:00',1),(329,'0000-00-00 00:00:00',1),(330,'0000-00-00 00:00:00',1),(331,'0000-00-00 00:00:00',1),(332,'0000-00-00 00:00:00',1),(333,'0000-00-00 00:00:00',1),(334,'0000-00-00 00:00:00',1),(335,'0000-00-00 00:00:00',1),(336,'0000-00-00 00:00:00',1),(337,'0000-00-00 00:00:00',1),(338,'0000-00-00 00:00:00',1),(339,'0000-00-00 00:00:00',1),(340,'0000-00-00 00:00:00',1),(341,'0000-00-00 00:00:00',1),(342,'0000-00-00 00:00:00',1),(343,'0000-00-00 00:00:00',1),(344,'0000-00-00 00:00:00',1),(345,'0000-00-00 00:00:00',1),(346,'0000-00-00 00:00:00',1),(347,'0000-00-00 00:00:00',1),(348,'0000-00-00 00:00:00',1),(349,'0000-00-00 00:00:00',1),(350,'0000-00-00 00:00:00',1),(351,'0000-00-00 00:00:00',1),(352,'0000-00-00 00:00:00',1),(353,'0000-00-00 00:00:00',1),(354,'0000-00-00 00:00:00',1),(355,'0000-00-00 00:00:00',1),(356,'0000-00-00 00:00:00',1),(357,'0000-00-00 00:00:00',1),(358,'0000-00-00 00:00:00',1),(359,'0000-00-00 00:00:00',1),(360,'0000-00-00 00:00:00',1),(361,'0000-00-00 00:00:00',1),(362,'0000-00-00 00:00:00',1),(363,'0000-00-00 00:00:00',1),(364,'0000-00-00 00:00:00',1),(365,'0000-00-00 00:00:00',1),(366,'0000-00-00 00:00:00',1),(367,'0000-00-00 00:00:00',1),(368,'0000-00-00 00:00:00',1),(369,'0000-00-00 00:00:00',1),(370,'0000-00-00 00:00:00',1),(371,'0000-00-00 00:00:00',1),(372,'0000-00-00 00:00:00',1),(373,'0000-00-00 00:00:00',1),(374,'0000-00-00 00:00:00',1),(375,'0000-00-00 00:00:00',1),(376,'0000-00-00 00:00:00',1),(377,'0000-00-00 00:00:00',1),(378,'0000-00-00 00:00:00',1),(379,'0000-00-00 00:00:00',1),(380,'0000-00-00 00:00:00',1),(381,'0000-00-00 00:00:00',1),(382,'0000-00-00 00:00:00',1),(383,'0000-00-00 00:00:00',1),(384,'0000-00-00 00:00:00',1),(385,'0000-00-00 00:00:00',1),(386,'0000-00-00 00:00:00',1),(387,'0000-00-00 00:00:00',1),(388,'0000-00-00 00:00:00',1),(389,'0000-00-00 00:00:00',1),(390,'0000-00-00 00:00:00',1),(391,'0000-00-00 00:00:00',1),(392,'0000-00-00 00:00:00',1),(393,'0000-00-00 00:00:00',1),(394,'0000-00-00 00:00:00',1),(395,'0000-00-00 00:00:00',1),(396,'0000-00-00 00:00:00',1),(397,'0000-00-00 00:00:00',1),(398,'0000-00-00 00:00:00',1),(399,'0000-00-00 00:00:00',1),(400,'0000-00-00 00:00:00',1),(401,'0000-00-00 00:00:00',1),(402,'0000-00-00 00:00:00',1),(403,'0000-00-00 00:00:00',1),(404,'0000-00-00 00:00:00',1),(405,'0000-00-00 00:00:00',1),(406,'0000-00-00 00:00:00',1),(407,'0000-00-00 00:00:00',1),(408,'0000-00-00 00:00:00',1),(409,'0000-00-00 00:00:00',1),(410,'0000-00-00 00:00:00',1),(411,'0000-00-00 00:00:00',1),(412,'0000-00-00 00:00:00',1),(413,'0000-00-00 00:00:00',1),(414,'0000-00-00 00:00:00',1),(415,'0000-00-00 00:00:00',1),(416,'0000-00-00 00:00:00',1),(417,'0000-00-00 00:00:00',1),(418,'0000-00-00 00:00:00',1),(419,'0000-00-00 00:00:00',1),(420,'0000-00-00 00:00:00',1),(421,'0000-00-00 00:00:00',1),(422,'0000-00-00 00:00:00',1),(423,'0000-00-00 00:00:00',1),(424,'0000-00-00 00:00:00',1),(425,'0000-00-00 00:00:00',1),(426,'0000-00-00 00:00:00',1),(427,'0000-00-00 00:00:00',1),(428,'0000-00-00 00:00:00',1),(429,'0000-00-00 00:00:00',1),(430,'0000-00-00 00:00:00',1),(431,'0000-00-00 00:00:00',1),(432,'0000-00-00 00:00:00',1),(433,'0000-00-00 00:00:00',1),(434,'0000-00-00 00:00:00',1),(435,'0000-00-00 00:00:00',1),(436,'0000-00-00 00:00:00',1),(437,'0000-00-00 00:00:00',1),(438,'0000-00-00 00:00:00',1),(439,'0000-00-00 00:00:00',1),(440,'0000-00-00 00:00:00',1),(441,'0000-00-00 00:00:00',1),(442,'0000-00-00 00:00:00',1),(443,'0000-00-00 00:00:00',1),(444,'0000-00-00 00:00:00',1),(445,'0000-00-00 00:00:00',1),(446,'0000-00-00 00:00:00',1),(447,'0000-00-00 00:00:00',1),(448,'0000-00-00 00:00:00',1),(449,'0000-00-00 00:00:00',1),(450,'0000-00-00 00:00:00',1),(451,'0000-00-00 00:00:00',1),(452,'0000-00-00 00:00:00',1),(453,'0000-00-00 00:00:00',1),(454,'0000-00-00 00:00:00',1),(455,'0000-00-00 00:00:00',1),(456,'0000-00-00 00:00:00',1),(457,'0000-00-00 00:00:00',1),(458,'0000-00-00 00:00:00',1),(459,'0000-00-00 00:00:00',1),(460,'0000-00-00 00:00:00',1),(461,'0000-00-00 00:00:00',1),(462,'0000-00-00 00:00:00',1),(463,'0000-00-00 00:00:00',1),(464,'0000-00-00 00:00:00',1),(465,'0000-00-00 00:00:00',1),(466,'0000-00-00 00:00:00',1),(467,'0000-00-00 00:00:00',1),(468,'0000-00-00 00:00:00',1),(469,'0000-00-00 00:00:00',1),(470,'0000-00-00 00:00:00',1),(471,'0000-00-00 00:00:00',1),(472,'0000-00-00 00:00:00',1),(473,'0000-00-00 00:00:00',1),(474,'0000-00-00 00:00:00',1),(475,'0000-00-00 00:00:00',1),(476,'0000-00-00 00:00:00',1),(477,'0000-00-00 00:00:00',1),(478,'0000-00-00 00:00:00',1),(479,'0000-00-00 00:00:00',1),(480,'0000-00-00 00:00:00',1),(481,'0000-00-00 00:00:00',1),(482,'0000-00-00 00:00:00',1),(483,'0000-00-00 00:00:00',1),(484,'0000-00-00 00:00:00',1),(485,'0000-00-00 00:00:00',1),(486,'0000-00-00 00:00:00',1),(487,'0000-00-00 00:00:00',1),(488,'0000-00-00 00:00:00',1),(489,'0000-00-00 00:00:00',1),(490,'0000-00-00 00:00:00',1),(491,'0000-00-00 00:00:00',1),(492,'0000-00-00 00:00:00',1),(493,'0000-00-00 00:00:00',1),(494,'0000-00-00 00:00:00',1),(495,'0000-00-00 00:00:00',1),(496,'0000-00-00 00:00:00',1),(497,'0000-00-00 00:00:00',1),(498,'0000-00-00 00:00:00',1),(499,'0000-00-00 00:00:00',1),(500,'0000-00-00 00:00:00',1),(501,'0000-00-00 00:00:00',1),(502,'0000-00-00 00:00:00',1),(503,'0000-00-00 00:00:00',1),(504,'0000-00-00 00:00:00',1),(505,'0000-00-00 00:00:00',1),(506,'0000-00-00 00:00:00',1),(507,'0000-00-00 00:00:00',1),(508,'0000-00-00 00:00:00',1),(509,'0000-00-00 00:00:00',1),(510,'0000-00-00 00:00:00',1),(511,'0000-00-00 00:00:00',1),(512,'0000-00-00 00:00:00',1),(513,'0000-00-00 00:00:00',1),(514,'0000-00-00 00:00:00',1),(515,'0000-00-00 00:00:00',1),(516,'0000-00-00 00:00:00',1),(517,'0000-00-00 00:00:00',1),(518,'0000-00-00 00:00:00',1),(519,'0000-00-00 00:00:00',1),(520,'0000-00-00 00:00:00',1),(521,'0000-00-00 00:00:00',1),(522,'0000-00-00 00:00:00',1),(523,'0000-00-00 00:00:00',1),(524,'0000-00-00 00:00:00',1),(525,'0000-00-00 00:00:00',1),(526,'0000-00-00 00:00:00',1),(527,'0000-00-00 00:00:00',1),(528,'0000-00-00 00:00:00',1),(529,'0000-00-00 00:00:00',1),(530,'0000-00-00 00:00:00',1),(531,'0000-00-00 00:00:00',1),(532,'0000-00-00 00:00:00',1),(533,'0000-00-00 00:00:00',1),(534,'0000-00-00 00:00:00',1),(535,'0000-00-00 00:00:00',1),(536,'0000-00-00 00:00:00',1),(537,'0000-00-00 00:00:00',1),(538,'0000-00-00 00:00:00',1),(539,'0000-00-00 00:00:00',1),(540,'0000-00-00 00:00:00',1),(541,'0000-00-00 00:00:00',1),(542,'0000-00-00 00:00:00',1),(543,'0000-00-00 00:00:00',1),(544,'0000-00-00 00:00:00',1),(545,'0000-00-00 00:00:00',1),(546,'0000-00-00 00:00:00',1),(547,'0000-00-00 00:00:00',1),(548,'0000-00-00 00:00:00',1),(549,'0000-00-00 00:00:00',1),(550,'0000-00-00 00:00:00',1),(551,'0000-00-00 00:00:00',1),(552,'0000-00-00 00:00:00',1),(553,'0000-00-00 00:00:00',1),(554,'0000-00-00 00:00:00',1),(555,'0000-00-00 00:00:00',1),(556,'0000-00-00 00:00:00',1),(557,'0000-00-00 00:00:00',1),(558,'0000-00-00 00:00:00',1),(559,'0000-00-00 00:00:00',1),(560,'0000-00-00 00:00:00',1),(561,'0000-00-00 00:00:00',1),(562,'0000-00-00 00:00:00',1),(563,'0000-00-00 00:00:00',1),(564,'0000-00-00 00:00:00',1),(565,'0000-00-00 00:00:00',1),(566,'0000-00-00 00:00:00',1),(567,'0000-00-00 00:00:00',1),(568,'0000-00-00 00:00:00',1),(569,'0000-00-00 00:00:00',1),(570,'0000-00-00 00:00:00',1),(571,'0000-00-00 00:00:00',1),(572,'0000-00-00 00:00:00',1),(573,'0000-00-00 00:00:00',1),(574,'0000-00-00 00:00:00',1),(575,'0000-00-00 00:00:00',1),(576,'0000-00-00 00:00:00',1),(577,'0000-00-00 00:00:00',1),(578,'0000-00-00 00:00:00',1),(579,'0000-00-00 00:00:00',1),(580,'0000-00-00 00:00:00',1),(581,'0000-00-00 00:00:00',1),(582,'0000-00-00 00:00:00',1),(583,'0000-00-00 00:00:00',1),(584,'0000-00-00 00:00:00',1),(585,'0000-00-00 00:00:00',1),(586,'0000-00-00 00:00:00',1),(587,'0000-00-00 00:00:00',1),(588,'0000-00-00 00:00:00',1),(589,'0000-00-00 00:00:00',1),(590,'0000-00-00 00:00:00',1),(591,'0000-00-00 00:00:00',1),(592,'0000-00-00 00:00:00',1),(593,'0000-00-00 00:00:00',1),(594,'0000-00-00 00:00:00',1),(595,'0000-00-00 00:00:00',1),(596,'0000-00-00 00:00:00',1),(597,'0000-00-00 00:00:00',1),(598,'0000-00-00 00:00:00',1),(599,'0000-00-00 00:00:00',1),(600,'0000-00-00 00:00:00',1),(601,'0000-00-00 00:00:00',1),(602,'0000-00-00 00:00:00',1),(603,'0000-00-00 00:00:00',1),(604,'0000-00-00 00:00:00',1),(605,'0000-00-00 00:00:00',1),(606,'0000-00-00 00:00:00',1),(607,'0000-00-00 00:00:00',1),(608,'0000-00-00 00:00:00',1),(609,'0000-00-00 00:00:00',1),(610,'0000-00-00 00:00:00',1),(611,'0000-00-00 00:00:00',1),(612,'0000-00-00 00:00:00',1),(613,'0000-00-00 00:00:00',1),(614,'0000-00-00 00:00:00',1),(615,'0000-00-00 00:00:00',1),(616,'0000-00-00 00:00:00',1),(617,'0000-00-00 00:00:00',1),(618,'0000-00-00 00:00:00',1),(619,'0000-00-00 00:00:00',1),(620,'0000-00-00 00:00:00',1),(621,'0000-00-00 00:00:00',1),(622,'0000-00-00 00:00:00',1),(623,'0000-00-00 00:00:00',1),(624,'0000-00-00 00:00:00',1),(625,'0000-00-00 00:00:00',1),(626,'0000-00-00 00:00:00',1),(627,'0000-00-00 00:00:00',1),(628,'0000-00-00 00:00:00',1),(629,'0000-00-00 00:00:00',1),(630,'0000-00-00 00:00:00',1),(631,'0000-00-00 00:00:00',1),(632,'0000-00-00 00:00:00',1),(633,'0000-00-00 00:00:00',1),(634,'0000-00-00 00:00:00',1),(635,'0000-00-00 00:00:00',1),(636,'0000-00-00 00:00:00',1),(637,'0000-00-00 00:00:00',1),(638,'0000-00-00 00:00:00',1),(639,'0000-00-00 00:00:00',1),(640,'0000-00-00 00:00:00',1),(641,'0000-00-00 00:00:00',1),(642,'0000-00-00 00:00:00',1),(643,'0000-00-00 00:00:00',1),(644,'0000-00-00 00:00:00',1),(645,'0000-00-00 00:00:00',1),(646,'0000-00-00 00:00:00',1),(647,'0000-00-00 00:00:00',1),(648,'0000-00-00 00:00:00',1),(649,'0000-00-00 00:00:00',1),(650,'0000-00-00 00:00:00',1),(651,'0000-00-00 00:00:00',1),(652,'0000-00-00 00:00:00',1),(653,'0000-00-00 00:00:00',1),(654,'0000-00-00 00:00:00',1),(655,'0000-00-00 00:00:00',1),(656,'0000-00-00 00:00:00',1),(657,'0000-00-00 00:00:00',1),(658,'0000-00-00 00:00:00',1),(659,'0000-00-00 00:00:00',1),(660,'0000-00-00 00:00:00',1),(661,'0000-00-00 00:00:00',1),(662,'0000-00-00 00:00:00',1),(663,'0000-00-00 00:00:00',1),(664,'0000-00-00 00:00:00',1),(665,'0000-00-00 00:00:00',1),(666,'0000-00-00 00:00:00',1),(667,'0000-00-00 00:00:00',1),(668,'0000-00-00 00:00:00',1),(669,'0000-00-00 00:00:00',1),(670,'0000-00-00 00:00:00',1),(671,'0000-00-00 00:00:00',1),(672,'0000-00-00 00:00:00',1),(673,'0000-00-00 00:00:00',1),(674,'0000-00-00 00:00:00',1),(675,'0000-00-00 00:00:00',1),(676,'0000-00-00 00:00:00',1),(677,'0000-00-00 00:00:00',1),(678,'0000-00-00 00:00:00',1),(679,'0000-00-00 00:00:00',1),(680,'0000-00-00 00:00:00',1),(681,'0000-00-00 00:00:00',1),(682,'0000-00-00 00:00:00',1),(683,'0000-00-00 00:00:00',1),(684,'0000-00-00 00:00:00',1),(685,'0000-00-00 00:00:00',1),(686,'0000-00-00 00:00:00',1),(687,'0000-00-00 00:00:00',1),(688,'0000-00-00 00:00:00',1),(689,'0000-00-00 00:00:00',1),(690,'0000-00-00 00:00:00',1),(691,'0000-00-00 00:00:00',1),(692,'0000-00-00 00:00:00',1),(693,'0000-00-00 00:00:00',1),(694,'0000-00-00 00:00:00',1),(695,'0000-00-00 00:00:00',1),(696,'0000-00-00 00:00:00',1),(697,'0000-00-00 00:00:00',1),(698,'0000-00-00 00:00:00',1),(699,'0000-00-00 00:00:00',1),(700,'0000-00-00 00:00:00',1),(701,'0000-00-00 00:00:00',1),(702,'0000-00-00 00:00:00',1),(703,'0000-00-00 00:00:00',1),(704,'0000-00-00 00:00:00',1),(705,'0000-00-00 00:00:00',1),(706,'0000-00-00 00:00:00',1),(707,'0000-00-00 00:00:00',1),(708,'0000-00-00 00:00:00',1),(709,'0000-00-00 00:00:00',1),(710,'0000-00-00 00:00:00',1),(711,'0000-00-00 00:00:00',1),(712,'0000-00-00 00:00:00',1),(713,'0000-00-00 00:00:00',1),(714,'0000-00-00 00:00:00',1),(715,'0000-00-00 00:00:00',1),(716,'0000-00-00 00:00:00',1),(717,'0000-00-00 00:00:00',1),(718,'0000-00-00 00:00:00',1),(719,'0000-00-00 00:00:00',1),(720,'0000-00-00 00:00:00',1),(721,'0000-00-00 00:00:00',1),(722,'0000-00-00 00:00:00',1),(723,'0000-00-00 00:00:00',1),(724,'0000-00-00 00:00:00',1),(725,'0000-00-00 00:00:00',1),(726,'0000-00-00 00:00:00',1),(727,'0000-00-00 00:00:00',1),(728,'0000-00-00 00:00:00',1),(729,'0000-00-00 00:00:00',1),(730,'0000-00-00 00:00:00',1),(731,'0000-00-00 00:00:00',1),(732,'0000-00-00 00:00:00',1),(733,'0000-00-00 00:00:00',1),(734,'0000-00-00 00:00:00',1),(735,'0000-00-00 00:00:00',1),(736,'0000-00-00 00:00:00',1),(737,'0000-00-00 00:00:00',1),(738,'0000-00-00 00:00:00',1),(739,'0000-00-00 00:00:00',1),(740,'0000-00-00 00:00:00',1),(741,'0000-00-00 00:00:00',1),(742,'0000-00-00 00:00:00',1),(743,'0000-00-00 00:00:00',1),(744,'0000-00-00 00:00:00',1),(745,'0000-00-00 00:00:00',1),(746,'0000-00-00 00:00:00',1),(747,'0000-00-00 00:00:00',1),(748,'0000-00-00 00:00:00',1),(749,'0000-00-00 00:00:00',1),(750,'0000-00-00 00:00:00',1),(751,'0000-00-00 00:00:00',1),(752,'0000-00-00 00:00:00',1),(753,'0000-00-00 00:00:00',1),(754,'0000-00-00 00:00:00',1),(755,'0000-00-00 00:00:00',1),(756,'0000-00-00 00:00:00',1),(757,'0000-00-00 00:00:00',1),(758,'0000-00-00 00:00:00',1),(759,'0000-00-00 00:00:00',1),(760,'0000-00-00 00:00:00',1),(761,'0000-00-00 00:00:00',1),(762,'0000-00-00 00:00:00',1),(763,'0000-00-00 00:00:00',1),(764,'0000-00-00 00:00:00',1),(765,'0000-00-00 00:00:00',1),(766,'0000-00-00 00:00:00',1),(767,'0000-00-00 00:00:00',1),(768,'0000-00-00 00:00:00',1),(769,'0000-00-00 00:00:00',1),(770,'0000-00-00 00:00:00',1),(771,'0000-00-00 00:00:00',1),(772,'0000-00-00 00:00:00',1),(773,'0000-00-00 00:00:00',1),(774,'0000-00-00 00:00:00',1),(775,'0000-00-00 00:00:00',1),(776,'0000-00-00 00:00:00',1),(777,'0000-00-00 00:00:00',1),(778,'0000-00-00 00:00:00',1),(779,'0000-00-00 00:00:00',1),(780,'0000-00-00 00:00:00',1),(781,'0000-00-00 00:00:00',1),(782,'0000-00-00 00:00:00',1),(783,'0000-00-00 00:00:00',1),(784,'0000-00-00 00:00:00',1),(785,'0000-00-00 00:00:00',1),(786,'0000-00-00 00:00:00',1),(787,'0000-00-00 00:00:00',1),(788,'0000-00-00 00:00:00',1),(789,'0000-00-00 00:00:00',1),(790,'0000-00-00 00:00:00',1),(791,'0000-00-00 00:00:00',1),(792,'0000-00-00 00:00:00',1),(793,'0000-00-00 00:00:00',1),(794,'0000-00-00 00:00:00',1),(795,'0000-00-00 00:00:00',1),(796,'0000-00-00 00:00:00',1),(797,'0000-00-00 00:00:00',1),(798,'0000-00-00 00:00:00',1),(799,'0000-00-00 00:00:00',1),(800,'0000-00-00 00:00:00',1),(801,'0000-00-00 00:00:00',1),(802,'0000-00-00 00:00:00',1),(803,'0000-00-00 00:00:00',1),(804,'0000-00-00 00:00:00',1),(805,'0000-00-00 00:00:00',1),(806,'0000-00-00 00:00:00',1),(807,'0000-00-00 00:00:00',1),(808,'0000-00-00 00:00:00',1),(809,'0000-00-00 00:00:00',1),(810,'0000-00-00 00:00:00',1),(811,'0000-00-00 00:00:00',1),(812,'0000-00-00 00:00:00',1),(813,'0000-00-00 00:00:00',1),(814,'0000-00-00 00:00:00',1),(815,'0000-00-00 00:00:00',1),(816,'0000-00-00 00:00:00',1),(817,'0000-00-00 00:00:00',1),(818,'0000-00-00 00:00:00',1),(819,'0000-00-00 00:00:00',1),(820,'0000-00-00 00:00:00',1),(821,'0000-00-00 00:00:00',1),(822,'0000-00-00 00:00:00',1),(823,'0000-00-00 00:00:00',1),(824,'0000-00-00 00:00:00',1),(825,'0000-00-00 00:00:00',1),(826,'0000-00-00 00:00:00',1),(827,'0000-00-00 00:00:00',1),(828,'0000-00-00 00:00:00',1),(829,'0000-00-00 00:00:00',1),(830,'0000-00-00 00:00:00',1),(831,'0000-00-00 00:00:00',1),(832,'0000-00-00 00:00:00',1),(833,'0000-00-00 00:00:00',1),(834,'0000-00-00 00:00:00',1),(835,'0000-00-00 00:00:00',1),(836,'0000-00-00 00:00:00',1),(837,'0000-00-00 00:00:00',1),(838,'0000-00-00 00:00:00',1),(839,'0000-00-00 00:00:00',1),(840,'0000-00-00 00:00:00',1),(841,'0000-00-00 00:00:00',1),(842,'0000-00-00 00:00:00',1),(843,'0000-00-00 00:00:00',1),(844,'0000-00-00 00:00:00',1),(845,'0000-00-00 00:00:00',1),(846,'0000-00-00 00:00:00',1),(847,'0000-00-00 00:00:00',1),(848,'0000-00-00 00:00:00',1),(849,'0000-00-00 00:00:00',1),(850,'0000-00-00 00:00:00',1),(851,'0000-00-00 00:00:00',1),(852,'0000-00-00 00:00:00',1),(853,'0000-00-00 00:00:00',1),(854,'0000-00-00 00:00:00',1),(855,'0000-00-00 00:00:00',1),(856,'0000-00-00 00:00:00',1),(857,'0000-00-00 00:00:00',1),(858,'0000-00-00 00:00:00',1),(859,'0000-00-00 00:00:00',1),(860,'0000-00-00 00:00:00',1),(861,'0000-00-00 00:00:00',1),(862,'0000-00-00 00:00:00',1),(863,'0000-00-00 00:00:00',1),(864,'0000-00-00 00:00:00',1),(865,'0000-00-00 00:00:00',1),(866,'0000-00-00 00:00:00',1),(867,'0000-00-00 00:00:00',1),(868,'0000-00-00 00:00:00',1),(869,'0000-00-00 00:00:00',1),(870,'0000-00-00 00:00:00',1),(871,'0000-00-00 00:00:00',1),(872,'0000-00-00 00:00:00',1),(873,'0000-00-00 00:00:00',1),(874,'0000-00-00 00:00:00',1),(875,'0000-00-00 00:00:00',1),(876,'0000-00-00 00:00:00',1),(877,'0000-00-00 00:00:00',1),(878,'0000-00-00 00:00:00',1),(879,'0000-00-00 00:00:00',1),(880,'0000-00-00 00:00:00',1),(881,'0000-00-00 00:00:00',1),(882,'0000-00-00 00:00:00',1),(883,'0000-00-00 00:00:00',1),(884,'0000-00-00 00:00:00',1),(885,'0000-00-00 00:00:00',1),(886,'0000-00-00 00:00:00',1),(887,'0000-00-00 00:00:00',1),(888,'0000-00-00 00:00:00',1),(889,'0000-00-00 00:00:00',1),(890,'0000-00-00 00:00:00',1),(891,'0000-00-00 00:00:00',1),(892,'0000-00-00 00:00:00',1),(893,'0000-00-00 00:00:00',1),(894,'0000-00-00 00:00:00',1),(895,'0000-00-00 00:00:00',1),(896,'0000-00-00 00:00:00',1),(897,'0000-00-00 00:00:00',1),(898,'0000-00-00 00:00:00',1),(899,'0000-00-00 00:00:00',1),(900,'0000-00-00 00:00:00',1),(901,'0000-00-00 00:00:00',1),(902,'0000-00-00 00:00:00',1),(903,'0000-00-00 00:00:00',1),(904,'0000-00-00 00:00:00',1),(905,'0000-00-00 00:00:00',1),(906,'0000-00-00 00:00:00',1),(907,'0000-00-00 00:00:00',1),(908,'0000-00-00 00:00:00',1),(909,'0000-00-00 00:00:00',1),(910,'0000-00-00 00:00:00',1),(911,'0000-00-00 00:00:00',1),(912,'0000-00-00 00:00:00',1),(913,'0000-00-00 00:00:00',1),(914,'0000-00-00 00:00:00',1),(915,'0000-00-00 00:00:00',1),(916,'0000-00-00 00:00:00',1),(917,'0000-00-00 00:00:00',1),(918,'0000-00-00 00:00:00',1),(919,'0000-00-00 00:00:00',1),(920,'0000-00-00 00:00:00',1),(921,'0000-00-00 00:00:00',1),(922,'0000-00-00 00:00:00',1),(923,'0000-00-00 00:00:00',1),(924,'0000-00-00 00:00:00',1),(925,'0000-00-00 00:00:00',1),(926,'0000-00-00 00:00:00',1),(927,'0000-00-00 00:00:00',1),(928,'0000-00-00 00:00:00',1),(929,'0000-00-00 00:00:00',1),(930,'0000-00-00 00:00:00',1),(931,'0000-00-00 00:00:00',1),(932,'0000-00-00 00:00:00',1),(933,'0000-00-00 00:00:00',1),(934,'0000-00-00 00:00:00',1),(935,'0000-00-00 00:00:00',1),(936,'0000-00-00 00:00:00',1),(937,'0000-00-00 00:00:00',1),(938,'0000-00-00 00:00:00',1),(939,'0000-00-00 00:00:00',1),(940,'0000-00-00 00:00:00',1),(941,'0000-00-00 00:00:00',1),(942,'0000-00-00 00:00:00',1),(943,'0000-00-00 00:00:00',1),(944,'0000-00-00 00:00:00',1),(945,'0000-00-00 00:00:00',1),(946,'0000-00-00 00:00:00',1),(947,'0000-00-00 00:00:00',1),(948,'0000-00-00 00:00:00',1),(949,'0000-00-00 00:00:00',1),(950,'0000-00-00 00:00:00',1),(951,'0000-00-00 00:00:00',1),(952,'0000-00-00 00:00:00',1),(953,'0000-00-00 00:00:00',1),(954,'0000-00-00 00:00:00',1),(955,'0000-00-00 00:00:00',1),(956,'0000-00-00 00:00:00',1),(957,'0000-00-00 00:00:00',1),(958,'0000-00-00 00:00:00',1),(959,'0000-00-00 00:00:00',1),(960,'0000-00-00 00:00:00',1),(961,'0000-00-00 00:00:00',1),(962,'0000-00-00 00:00:00',1),(963,'0000-00-00 00:00:00',1),(964,'0000-00-00 00:00:00',1),(965,'0000-00-00 00:00:00',1),(966,'0000-00-00 00:00:00',1),(967,'0000-00-00 00:00:00',1),(968,'0000-00-00 00:00:00',1),(969,'0000-00-00 00:00:00',1),(970,'0000-00-00 00:00:00',1),(971,'0000-00-00 00:00:00',1),(972,'0000-00-00 00:00:00',1),(973,'0000-00-00 00:00:00',1),(974,'0000-00-00 00:00:00',1),(975,'0000-00-00 00:00:00',1),(976,'0000-00-00 00:00:00',1),(977,'0000-00-00 00:00:00',1),(978,'0000-00-00 00:00:00',1),(979,'0000-00-00 00:00:00',1),(980,'0000-00-00 00:00:00',1),(981,'0000-00-00 00:00:00',1),(982,'0000-00-00 00:00:00',1),(983,'0000-00-00 00:00:00',1),(984,'0000-00-00 00:00:00',1),(985,'0000-00-00 00:00:00',1),(986,'0000-00-00 00:00:00',1),(987,'0000-00-00 00:00:00',1),(988,'0000-00-00 00:00:00',1),(989,'0000-00-00 00:00:00',1),(990,'0000-00-00 00:00:00',1),(991,'0000-00-00 00:00:00',1),(992,'0000-00-00 00:00:00',1),(993,'0000-00-00 00:00:00',1),(994,'0000-00-00 00:00:00',1),(995,'0000-00-00 00:00:00',1),(996,'0000-00-00 00:00:00',1),(997,'0000-00-00 00:00:00',1),(998,'0000-00-00 00:00:00',1),(999,'0000-00-00 00:00:00',1),(1000,'0000-00-00 00:00:00',1),(1001,'0000-00-00 00:00:00',1),(1002,'0000-00-00 00:00:00',1),(1003,'0000-00-00 00:00:00',1),(1004,'0000-00-00 00:00:00',1),(1005,'0000-00-00 00:00:00',1),(1006,'0000-00-00 00:00:00',1),(1007,'0000-00-00 00:00:00',1),(1008,'0000-00-00 00:00:00',1),(1009,'0000-00-00 00:00:00',1),(1010,'0000-00-00 00:00:00',1),(1011,'0000-00-00 00:00:00',1),(1012,'0000-00-00 00:00:00',1),(1013,'0000-00-00 00:00:00',1),(1014,'0000-00-00 00:00:00',1),(1015,'0000-00-00 00:00:00',1),(1016,'0000-00-00 00:00:00',1),(1017,'0000-00-00 00:00:00',1),(1018,'0000-00-00 00:00:00',1),(1019,'0000-00-00 00:00:00',1),(1020,'0000-00-00 00:00:00',1),(1021,'0000-00-00 00:00:00',1),(1022,'0000-00-00 00:00:00',1),(1023,'0000-00-00 00:00:00',1),(1024,'0000-00-00 00:00:00',1),(1025,'0000-00-00 00:00:00',1),(1026,'0000-00-00 00:00:00',1),(1027,'0000-00-00 00:00:00',1),(1028,'0000-00-00 00:00:00',1),(1029,'0000-00-00 00:00:00',1),(1030,'0000-00-00 00:00:00',1),(1031,'0000-00-00 00:00:00',1),(1032,'0000-00-00 00:00:00',1),(1033,'0000-00-00 00:00:00',1),(1034,'0000-00-00 00:00:00',1),(1035,'0000-00-00 00:00:00',1),(1036,'0000-00-00 00:00:00',1),(1037,'0000-00-00 00:00:00',1),(1038,'0000-00-00 00:00:00',1),(1039,'0000-00-00 00:00:00',1),(1040,'0000-00-00 00:00:00',1),(1041,'0000-00-00 00:00:00',1),(1042,'0000-00-00 00:00:00',1),(1043,'0000-00-00 00:00:00',1),(1044,'0000-00-00 00:00:00',1),(1045,'0000-00-00 00:00:00',1),(1046,'0000-00-00 00:00:00',1),(1047,'0000-00-00 00:00:00',1),(1048,'0000-00-00 00:00:00',1),(1049,'0000-00-00 00:00:00',1),(1050,'0000-00-00 00:00:00',1),(1051,'0000-00-00 00:00:00',1),(1052,'0000-00-00 00:00:00',1),(1053,'0000-00-00 00:00:00',1),(1054,'0000-00-00 00:00:00',1),(1055,'0000-00-00 00:00:00',1),(1056,'0000-00-00 00:00:00',1),(1057,'0000-00-00 00:00:00',1),(1058,'0000-00-00 00:00:00',1),(1059,'0000-00-00 00:00:00',1),(1060,'0000-00-00 00:00:00',1),(1061,'0000-00-00 00:00:00',1),(1062,'0000-00-00 00:00:00',1),(1063,'0000-00-00 00:00:00',1),(1064,'0000-00-00 00:00:00',1),(1065,'0000-00-00 00:00:00',1),(1066,'0000-00-00 00:00:00',1),(1067,'0000-00-00 00:00:00',1),(1068,'0000-00-00 00:00:00',1),(1069,'0000-00-00 00:00:00',1),(1070,'0000-00-00 00:00:00',1),(1071,'0000-00-00 00:00:00',1),(1072,'0000-00-00 00:00:00',1),(1073,'0000-00-00 00:00:00',1),(1074,'0000-00-00 00:00:00',1),(1075,'0000-00-00 00:00:00',1),(1076,'0000-00-00 00:00:00',1),(1077,'0000-00-00 00:00:00',1),(1078,'0000-00-00 00:00:00',1),(1079,'0000-00-00 00:00:00',1),(1080,'0000-00-00 00:00:00',1),(1081,'0000-00-00 00:00:00',1),(1082,'0000-00-00 00:00:00',1),(1083,'0000-00-00 00:00:00',1),(1084,'0000-00-00 00:00:00',1),(1085,'0000-00-00 00:00:00',1),(1086,'0000-00-00 00:00:00',1),(1087,'0000-00-00 00:00:00',1),(1088,'0000-00-00 00:00:00',1),(1089,'0000-00-00 00:00:00',1),(1090,'0000-00-00 00:00:00',1),(1091,'0000-00-00 00:00:00',1),(1092,'0000-00-00 00:00:00',1),(1093,'0000-00-00 00:00:00',1),(1094,'0000-00-00 00:00:00',1),(1095,'0000-00-00 00:00:00',1),(1096,'0000-00-00 00:00:00',1),(1097,'0000-00-00 00:00:00',1),(1098,'0000-00-00 00:00:00',1),(1099,'0000-00-00 00:00:00',1),(1100,'0000-00-00 00:00:00',1),(1101,'0000-00-00 00:00:00',1),(1102,'0000-00-00 00:00:00',1),(1103,'0000-00-00 00:00:00',1),(1104,'0000-00-00 00:00:00',1),(1105,'0000-00-00 00:00:00',1),(1106,'0000-00-00 00:00:00',1),(1107,'0000-00-00 00:00:00',1),(1108,'0000-00-00 00:00:00',1),(1109,'0000-00-00 00:00:00',1),(1110,'0000-00-00 00:00:00',1),(1111,'0000-00-00 00:00:00',1),(1112,'0000-00-00 00:00:00',1),(1113,'0000-00-00 00:00:00',1),(1114,'0000-00-00 00:00:00',1),(1115,'0000-00-00 00:00:00',1),(1116,'0000-00-00 00:00:00',1),(1117,'0000-00-00 00:00:00',1),(1118,'0000-00-00 00:00:00',1),(1119,'0000-00-00 00:00:00',1),(1120,'0000-00-00 00:00:00',1),(1121,'0000-00-00 00:00:00',1),(1122,'0000-00-00 00:00:00',1),(1123,'0000-00-00 00:00:00',1),(1124,'0000-00-00 00:00:00',1),(1125,'0000-00-00 00:00:00',1),(1126,'0000-00-00 00:00:00',1),(1127,'0000-00-00 00:00:00',1),(1128,'0000-00-00 00:00:00',1),(1129,'0000-00-00 00:00:00',1),(1130,'0000-00-00 00:00:00',1),(1131,'0000-00-00 00:00:00',1),(1132,'0000-00-00 00:00:00',1),(1133,'0000-00-00 00:00:00',1),(1134,'0000-00-00 00:00:00',1),(1135,'0000-00-00 00:00:00',1),(1136,'0000-00-00 00:00:00',1),(1137,'0000-00-00 00:00:00',1),(1138,'0000-00-00 00:00:00',1),(1139,'0000-00-00 00:00:00',1),(1140,'0000-00-00 00:00:00',1),(1141,'0000-00-00 00:00:00',1),(1142,'0000-00-00 00:00:00',1),(1143,'0000-00-00 00:00:00',1),(1144,'0000-00-00 00:00:00',1),(1145,'0000-00-00 00:00:00',1),(1146,'0000-00-00 00:00:00',1),(1147,'0000-00-00 00:00:00',1),(1148,'0000-00-00 00:00:00',1),(1149,'0000-00-00 00:00:00',1),(1150,'0000-00-00 00:00:00',1),(1151,'0000-00-00 00:00:00',1),(1152,'0000-00-00 00:00:00',1),(1153,'0000-00-00 00:00:00',1),(1154,'0000-00-00 00:00:00',1),(1155,'0000-00-00 00:00:00',1),(1156,'0000-00-00 00:00:00',1),(1157,'0000-00-00 00:00:00',1),(1158,'0000-00-00 00:00:00',1),(1159,'0000-00-00 00:00:00',1),(1160,'0000-00-00 00:00:00',1),(1161,'0000-00-00 00:00:00',1),(1162,'0000-00-00 00:00:00',1),(1163,'0000-00-00 00:00:00',1),(1164,'0000-00-00 00:00:00',1),(1165,'0000-00-00 00:00:00',1),(1166,'0000-00-00 00:00:00',1),(1167,'0000-00-00 00:00:00',1),(1168,'0000-00-00 00:00:00',1),(1169,'0000-00-00 00:00:00',1),(1170,'0000-00-00 00:00:00',1),(1171,'0000-00-00 00:00:00',1),(1172,'0000-00-00 00:00:00',1),(1173,'0000-00-00 00:00:00',1),(1174,'0000-00-00 00:00:00',1),(1175,'0000-00-00 00:00:00',1),(1176,'0000-00-00 00:00:00',1),(1177,'0000-00-00 00:00:00',1),(1178,'0000-00-00 00:00:00',1),(1179,'0000-00-00 00:00:00',1),(1180,'0000-00-00 00:00:00',1),(1181,'0000-00-00 00:00:00',1),(1182,'0000-00-00 00:00:00',1),(1183,'0000-00-00 00:00:00',1),(1184,'0000-00-00 00:00:00',1),(1185,'0000-00-00 00:00:00',1),(1186,'0000-00-00 00:00:00',1),(1187,'0000-00-00 00:00:00',1),(1188,'0000-00-00 00:00:00',1),(1189,'0000-00-00 00:00:00',1),(1190,'0000-00-00 00:00:00',1),(1191,'0000-00-00 00:00:00',1),(1192,'0000-00-00 00:00:00',1),(1193,'0000-00-00 00:00:00',1),(1194,'0000-00-00 00:00:00',1),(1195,'0000-00-00 00:00:00',1),(1196,'0000-00-00 00:00:00',1),(1197,'0000-00-00 00:00:00',1),(1198,'0000-00-00 00:00:00',1),(1199,'0000-00-00 00:00:00',1),(1200,'0000-00-00 00:00:00',1),(1201,'0000-00-00 00:00:00',1),(1202,'0000-00-00 00:00:00',1),(1203,'0000-00-00 00:00:00',1),(1204,'0000-00-00 00:00:00',1),(1205,'0000-00-00 00:00:00',1),(1206,'0000-00-00 00:00:00',1),(1207,'0000-00-00 00:00:00',1),(1208,'0000-00-00 00:00:00',1),(1209,'0000-00-00 00:00:00',1),(1210,'0000-00-00 00:00:00',1),(1211,'0000-00-00 00:00:00',1),(1212,'0000-00-00 00:00:00',1),(1213,'0000-00-00 00:00:00',1),(1214,'0000-00-00 00:00:00',1),(1215,'0000-00-00 00:00:00',1),(1216,'0000-00-00 00:00:00',1),(1217,'0000-00-00 00:00:00',1),(1218,'0000-00-00 00:00:00',1),(1219,'0000-00-00 00:00:00',1),(1220,'0000-00-00 00:00:00',1),(1221,'0000-00-00 00:00:00',1),(1222,'2017-11-03 12:44:58',1),(1223,'0000-00-00 00:00:00',1),(1224,'0000-00-00 00:00:00',1),(1225,'0000-00-00 00:00:00',1),(1226,'0000-00-00 00:00:00',1),(1227,'0000-00-00 00:00:00',1),(1228,'0000-00-00 00:00:00',1),(1229,'0000-00-00 00:00:00',1),(1230,'0000-00-00 00:00:00',1),(1231,'0000-00-00 00:00:00',1),(1232,'0000-00-00 00:00:00',1),(1233,'0000-00-00 00:00:00',1),(1234,'0000-00-00 00:00:00',1),(1235,'0000-00-00 00:00:00',1),(1236,'0000-00-00 00:00:00',1),(1237,'0000-00-00 00:00:00',1),(1238,'0000-00-00 00:00:00',1),(1239,'0000-00-00 00:00:00',1),(1240,'0000-00-00 00:00:00',1),(1241,'0000-00-00 00:00:00',1),(1242,'0000-00-00 00:00:00',1),(1243,'0000-00-00 00:00:00',1),(1244,'0000-00-00 00:00:00',1),(1245,'0000-00-00 00:00:00',1),(1246,'0000-00-00 00:00:00',1),(1247,'0000-00-00 00:00:00',1),(1248,'0000-00-00 00:00:00',1),(1249,'0000-00-00 00:00:00',1),(1250,'0000-00-00 00:00:00',1),(1251,'0000-00-00 00:00:00',1),(1252,'0000-00-00 00:00:00',1),(1253,'0000-00-00 00:00:00',1),(1254,'0000-00-00 00:00:00',1),(1255,'0000-00-00 00:00:00',1),(1256,'0000-00-00 00:00:00',1),(1257,'0000-00-00 00:00:00',1),(1258,'0000-00-00 00:00:00',1),(1259,'0000-00-00 00:00:00',1),(1260,'0000-00-00 00:00:00',1),(1261,'0000-00-00 00:00:00',1),(1262,'0000-00-00 00:00:00',1),(1263,'0000-00-00 00:00:00',1),(1264,'0000-00-00 00:00:00',1),(1265,'0000-00-00 00:00:00',1),(1266,'0000-00-00 00:00:00',1),(1267,'0000-00-00 00:00:00',1),(1268,'0000-00-00 00:00:00',1),(1269,'0000-00-00 00:00:00',1),(1270,'0000-00-00 00:00:00',1),(1271,'0000-00-00 00:00:00',1),(1272,'0000-00-00 00:00:00',1),(1273,'0000-00-00 00:00:00',1),(1274,'0000-00-00 00:00:00',1),(1275,'0000-00-00 00:00:00',1),(1276,'0000-00-00 00:00:00',1),(1277,'0000-00-00 00:00:00',1),(1278,'0000-00-00 00:00:00',1),(1279,'0000-00-00 00:00:00',1),(1280,'0000-00-00 00:00:00',1),(1281,'0000-00-00 00:00:00',1),(1282,'0000-00-00 00:00:00',1),(1283,'0000-00-00 00:00:00',1),(1284,'0000-00-00 00:00:00',1),(1285,'0000-00-00 00:00:00',1),(1286,'0000-00-00 00:00:00',1),(1287,'0000-00-00 00:00:00',1),(1288,'0000-00-00 00:00:00',1),(1289,'0000-00-00 00:00:00',1),(1290,'0000-00-00 00:00:00',1),(1291,'0000-00-00 00:00:00',1),(1292,'0000-00-00 00:00:00',1),(1293,'0000-00-00 00:00:00',1),(1294,'0000-00-00 00:00:00',1),(1295,'0000-00-00 00:00:00',1),(1296,'0000-00-00 00:00:00',1),(1297,'0000-00-00 00:00:00',1),(1298,'0000-00-00 00:00:00',1),(1299,'0000-00-00 00:00:00',1),(1300,'0000-00-00 00:00:00',1),(1301,'0000-00-00 00:00:00',1),(1302,'0000-00-00 00:00:00',1),(1303,'0000-00-00 00:00:00',1),(1304,'0000-00-00 00:00:00',1),(1305,'0000-00-00 00:00:00',1),(1306,'0000-00-00 00:00:00',1),(1307,'0000-00-00 00:00:00',1),(1308,'0000-00-00 00:00:00',1),(1309,'0000-00-00 00:00:00',1),(1310,'0000-00-00 00:00:00',1),(1311,'0000-00-00 00:00:00',1),(1312,'0000-00-00 00:00:00',1),(1313,'0000-00-00 00:00:00',1),(1314,'0000-00-00 00:00:00',1),(1315,'0000-00-00 00:00:00',1),(1316,'0000-00-00 00:00:00',1),(1317,'0000-00-00 00:00:00',1),(1318,'0000-00-00 00:00:00',1),(1319,'0000-00-00 00:00:00',1),(1320,'0000-00-00 00:00:00',1),(1321,'0000-00-00 00:00:00',1),(1322,'0000-00-00 00:00:00',1),(1323,'0000-00-00 00:00:00',1),(1324,'0000-00-00 00:00:00',1),(1325,'0000-00-00 00:00:00',1),(1326,'0000-00-00 00:00:00',1),(1327,'0000-00-00 00:00:00',1),(1328,'0000-00-00 00:00:00',1),(1329,'0000-00-00 00:00:00',1),(1330,'0000-00-00 00:00:00',1),(1331,'0000-00-00 00:00:00',1),(1332,'0000-00-00 00:00:00',1),(1333,'0000-00-00 00:00:00',1),(1334,'0000-00-00 00:00:00',1),(1335,'0000-00-00 00:00:00',1),(1336,'0000-00-00 00:00:00',1),(1337,'0000-00-00 00:00:00',1),(1338,'0000-00-00 00:00:00',1),(1339,'0000-00-00 00:00:00',1);
/*!40000 ALTER TABLE `art_carga` ENABLE KEYS */;
UNLOCK TABLES;

--
-- Table structure for table `art_categoria`
--

DROP TABLE IF EXISTS `art_categoria`;
/*!40101 SET @saved_cs_client     = @@character_set_client */;
/*!40101 SET character_set_client = utf8 */;
CREATE TABLE `art_categoria` (
  `id_categoria` int(11) NOT NULL AUTO_INCREMENT,
  `nombre` varchar(50) COLLATE utf8_unicode_ci NOT NULL,
  `valor` varchar(100) COLLATE utf8_unicode_ci DEFAULT NULL,
  `descripcion` varchar(100) COLLATE utf8_unicode_ci DEFAULT NULL,
  KEY `id_categoria` (`id_categoria`)
) ENGINE=InnoDB AUTO_INCREMENT=2236 DEFAULT CHARSET=utf8 COLLATE=utf8_unicode_ci;
/*!40101 SET character_set_client = @saved_cs_client */;

--
-- Dumping data for table `art_categoria`
--

LOCK TABLES `art_categoria` WRITE;
/*!40000 ALTER TABLE `art_categoria` DISABLE KEYS */;
INSERT INTO `art_categoria` VALUES (1,'Precio',NULL,'Precio base.'),(2,'Medida',NULL,'Medida general.'),(3,'Tarjeta',NULL,'Precio con tarjeta.'),(4,'CreditoP',NULL,'Precio Credito Personal.'),(5,'Color',NULL,'Color del articulo.'),(6,'Precio','790','En moneda local'),(7,'Medida','38','null'),(8,'Tarjeta','15','En porcentaje'),(9,'CreditoP','10','En porcentaje'),(10,'Color','azul ','Color escrito'),(11,'Precio','490','En moneda local'),(12,'Medida','40','null'),(13,'Tarjeta','15','En porcentaje'),(14,'CreditoP','10','En porcentaje'),(15,'Color','gris melange ','Color escrito'),(16,'Precio','790','En moneda local'),(17,'Medida','S','null'),(18,'Tarjeta','15','En porcentaje'),(19,'CreditoP','10','En porcentaje'),(20,'Color','','Color escrito'),(21,'Precio','790','En moneda local'),(22,'Medida','40','null'),(23,'Tarjeta','15','En porcentaje'),(24,'CreditoP','10','En porcentaje'),(25,'Color','','Color escrito'),(26,'Precio','1450','En moneda local'),(27,'Medida','34','null'),(28,'Tarjeta','15','En porcentaje'),(29,'CreditoP','10','En porcentaje'),(30,'Color','','Color escrito'),(31,'Precio','1450','En moneda local'),(32,'Medida','35','null'),(33,'Tarjeta','15','En porcentaje'),(34,'CreditoP','10','En porcentaje'),(35,'Color','','Color escrito'),(36,'Precio','1450','En moneda local'),(37,'Medida','36','null'),(38,'Tarjeta','15','En porcentaje'),(39,'CreditoP','10','En porcentaje'),(40,'Color','','Color escrito'),(41,'Precio','1450','En moneda local'),(42,'Medida','37','null'),(43,'Tarjeta','15','En porcentaje'),(44,'CreditoP','10','En porcentaje'),(45,'Color','','Color escrito'),(46,'Precio','1450','En moneda local'),(47,'Medida','38','null'),(48,'Tarjeta','15','En porcentaje'),(49,'CreditoP','10','En porcentaje'),(50,'Color','','Color escrito'),(51,'Precio','1450','En moneda local'),(52,'Medida','39','null'),(53,'Tarjeta','15','En porcentaje'),(54,'CreditoP','10','En porcentaje'),(55,'Color','','Color escrito'),(56,'Precio','1450','En moneda local'),(57,'Medida','40','null'),(58,'Tarjeta','15','En porcentaje'),(59,'CreditoP','10','En porcentaje'),(60,'Color','','Color escrito'),(61,'Precio','1450','En moneda local'),(62,'Medida','41','null'),(63,'Tarjeta','15','En porcentaje'),(64,'CreditoP','10','En porcentaje'),(65,'Color','','Color escrito'),(66,'Precio','1450','En moneda local'),(67,'Medida','42','null'),(68,'Tarjeta','15','En porcentaje'),(69,'CreditoP','10','En porcentaje'),(70,'Color','','Color escrito'),(71,'Precio','1450','En moneda local'),(72,'Medida','34','null'),(73,'Tarjeta','15','En porcentaje'),(74,'CreditoP','10','En porcentaje'),(75,'Color','negro ','Color escrito'),(76,'Precio','1450','En moneda local'),(77,'Medida','35','null'),(78,'Tarjeta','15','En porcentaje'),(79,'CreditoP','10','En porcentaje'),(80,'Color','','Color escrito'),(81,'Precio','1450','En moneda local'),(82,'Medida','36','null'),(83,'Tarjeta','15','En porcentaje'),(84,'CreditoP','10','En porcentaje'),(85,'Color','','Color escrito'),(86,'Precio','1450','En moneda local'),(87,'Medida','37','null'),(88,'Tarjeta','15','En porcentaje'),(89,'CreditoP','10','En porcentaje'),(90,'Color','','Color escrito'),(91,'Precio','15','En moneda local'),(92,'Medida','38','null'),(93,'Tarjeta','15','En porcentaje'),(94,'CreditoP','10','En porcentaje'),(95,'Color','','Color escrito'),(96,'Precio','1450','En moneda local'),(97,'Medida','39','null'),(98,'Tarjeta','15','En porcentaje'),(99,'CreditoP','10','En porcentaje'),(100,'Color','','Color escrito'),(101,'Precio','1450','En moneda local'),(102,'Medida','40','null'),(103,'Tarjeta','15','En porcentaje'),(104,'CreditoP','10','En porcentaje'),(105,'Color','','Color escrito'),(106,'Precio','1450','En moneda local'),(107,'Medida','41','null'),(108,'Tarjeta','15','En porcentaje'),(109,'CreditoP','10','En porcentaje'),(110,'Color','','Color escrito'),(111,'Precio','1450','En moneda local'),(112,'Medida','42','null'),(113,'Tarjeta','15','En porcentaje'),(114,'CreditoP','10','En porcentaje'),(115,'Color','','Color escrito'),(116,'Precio','1450','En moneda local'),(117,'Medida','43','null'),(118,'Tarjeta','15','En porcentaje'),(119,'CreditoP','10','En porcentaje'),(120,'Color','','Color escrito'),(121,'Precio','1450','En moneda local'),(122,'Medida','34','null'),(123,'Tarjeta','15','En porcentaje'),(124,'CreditoP','10','En porcentaje'),(125,'Color','','Color escrito'),(126,'Precio','1450','En moneda local'),(127,'Medida','35','null'),(128,'Tarjeta','15','En porcentaje'),(129,'CreditoP','10','En porcentaje'),(130,'Color','','Color escrito'),(131,'Precio','1450','En moneda local'),(132,'Medida','36','null'),(133,'Tarjeta','15','En porcentaje'),(134,'CreditoP','10','En porcentaje'),(135,'Color','','Color escrito'),(136,'Precio','1450','En moneda local'),(137,'Medida','37','null'),(138,'Tarjeta','15','En porcentaje'),(139,'CreditoP','10','En porcentaje'),(140,'Color','','Color escrito'),(141,'Precio','1450','En moneda local'),(142,'Medida','38','null'),(143,'Tarjeta','15','En porcentaje'),(144,'CreditoP','10','En porcentaje'),(145,'Color','','Color escrito'),(146,'Precio','1450','En moneda local'),(147,'Medida','39','null'),(148,'Tarjeta','15','En porcentaje'),(149,'CreditoP','10','En porcentaje'),(150,'Color','','Color escrito'),(151,'Precio','1450','En moneda local'),(152,'Medida','40','null'),(153,'Tarjeta','15','En porcentaje'),(154,'CreditoP','10','En porcentaje'),(155,'Color','','Color escrito'),(156,'Precio','1450','En moneda local'),(157,'Medida','41','null'),(158,'Tarjeta','15','En porcentaje'),(159,'CreditoP','10','En porcentaje'),(160,'Color','','Color escrito'),(161,'Precio','1450','En moneda local'),(162,'Medida','42','null'),(163,'Tarjeta','15','En porcentaje'),(164,'CreditoP','10','En porcentaje'),(165,'Color','','Color escrito'),(166,'Precio','1450','En moneda local'),(167,'Medida','43','null'),(168,'Tarjeta','15','En porcentaje'),(169,'CreditoP','10','En porcentaje'),(170,'Color','','Color escrito'),(171,'Precio','1450','En moneda local'),(172,'Medida','34','null'),(173,'Tarjeta','15','En porcentaje'),(174,'CreditoP','10','En porcentaje'),(175,'Color','','Color escrito'),(176,'Precio','1450','En moneda local'),(177,'Medida','35','null'),(178,'Tarjeta','15','En porcentaje'),(179,'CreditoP','10','En porcentaje'),(180,'Color','','Color escrito'),(181,'Precio','1450','En moneda local'),(182,'Medida','36','null'),(183,'Tarjeta','15','En porcentaje'),(184,'CreditoP','10','En porcentaje'),(185,'Color','','Color escrito'),(186,'Precio','1450','En moneda local'),(187,'Medida','37','null'),(188,'Tarjeta','15','En porcentaje'),(189,'CreditoP','10','En porcentaje'),(190,'Color','','Color escrito'),(191,'Precio','1450','En moneda local'),(192,'Medida','38','null'),(193,'Tarjeta','15','En porcentaje'),(194,'CreditoP','10','En porcentaje'),(195,'Color','','Color escrito'),(196,'Precio','1450','En moneda local'),(197,'Medida','39','null'),(198,'Tarjeta','15','En porcentaje'),(199,'CreditoP','10','En porcentaje'),(200,'Color','','Color escrito'),(201,'Precio','1450','En moneda local'),(202,'Medida','40','null'),(203,'Tarjeta','15','En porcentaje'),(204,'CreditoP','10','En porcentaje'),(205,'Color','','Color escrito'),(206,'Precio','1450','En moneda local'),(207,'Medida','41','null'),(208,'Tarjeta','15','En porcentaje'),(209,'CreditoP','10','En porcentaje'),(210,'Color','','Color escrito'),(211,'Precio','1450','En moneda local'),(212,'Medida','42','null'),(213,'Tarjeta','15','En porcentaje'),(214,'CreditoP','10','En porcentaje'),(215,'Color','','Color escrito'),(216,'Precio','1450','En moneda local'),(217,'Medida','43','null'),(218,'Tarjeta','15','En porcentaje'),(219,'CreditoP','10','En porcentaje'),(220,'Color','','Color escrito'),(221,'Precio','1450','En moneda local'),(222,'Medida','34','null'),(223,'Tarjeta','15','En porcentaje'),(224,'CreditoP','10','En porcentaje'),(225,'Color','','Color escrito'),(226,'Precio','1450','En moneda local'),(227,'Medida','36','null'),(228,'Tarjeta','15','En porcentaje'),(229,'CreditoP','10','En porcentaje'),(230,'Color','','Color escrito'),(231,'Precio','1450','En moneda local'),(232,'Medida','37','null'),(233,'Tarjeta','15','En porcentaje'),(234,'CreditoP','10','En porcentaje'),(235,'Color','','Color escrito'),(236,'Precio','1450','En moneda local'),(237,'Medida','38','null'),(238,'Tarjeta','15','En porcentaje'),(239,'CreditoP','10','En porcentaje'),(240,'Color','','Color escrito'),(241,'Precio','1450','En moneda local'),(242,'Medida','39','null'),(243,'Tarjeta','15','En porcentaje'),(244,'CreditoP','10','En porcentaje'),(245,'Color','','Color escrito'),(246,'Precio','1490','En moneda local'),(247,'Medida','34','null'),(248,'Tarjeta','15','En porcentaje'),(249,'CreditoP','10','En porcentaje'),(250,'Color','','Color escrito'),(251,'Precio','1490','En moneda local'),(252,'Medida','34','null'),(253,'Tarjeta','15','En porcentaje'),(254,'CreditoP','10','En porcentaje'),(255,'Color','','Color escrito'),(256,'Precio','1490','En moneda local'),(257,'Medida','35','null'),(258,'Tarjeta','15','En porcentaje'),(259,'CreditoP','10','En porcentaje'),(260,'Color','','Color escrito'),(261,'Precio','1450','En moneda local'),(262,'Medida','37','null'),(263,'Tarjeta','15','En porcentaje'),(264,'CreditoP','10','En porcentaje'),(265,'Color','','Color escrito'),(266,'Precio','1490','En moneda local'),(267,'Medida','38','null'),(268,'Tarjeta','15','En porcentaje'),(269,'CreditoP','10','En porcentaje'),(270,'Color','','Color escrito'),(271,'Precio','1490','En moneda local'),(272,'Medida','39','null'),(273,'Tarjeta','15','En porcentaje'),(274,'CreditoP','10','En porcentaje'),(275,'Color','','Color escrito'),(276,'Precio','1490','En moneda local'),(277,'Medida','40','null'),(278,'Tarjeta','15','En porcentaje'),(279,'CreditoP','10','En porcentaje'),(280,'Color','','Color escrito'),(281,'Precio','1490','En moneda local'),(282,'Medida','34','null'),(283,'Tarjeta','15','En porcentaje'),(284,'CreditoP','10','En porcentaje'),(285,'Color','','Color escrito'),(286,'Precio','1490','En moneda local'),(287,'Medida','35','null'),(288,'Tarjeta','15','En porcentaje'),(289,'CreditoP','10','En porcentaje'),(290,'Color','','Color escrito'),(291,'Precio','1490','En moneda local'),(292,'Medida','36','null'),(293,'Tarjeta','15','En porcentaje'),(294,'CreditoP','10','En porcentaje'),(295,'Color','','Color escrito'),(296,'Precio','1490','En moneda local'),(297,'Medida','37','null'),(298,'Tarjeta','15','En porcentaje'),(299,'CreditoP','10','En porcentaje'),(300,'Color','','Color escrito'),(301,'Precio','1490','En moneda local'),(302,'Medida','38','null'),(303,'Tarjeta','15','En porcentaje'),(304,'CreditoP','10','En porcentaje'),(305,'Color','','Color escrito'),(306,'Precio','1490','En moneda local'),(307,'Medida','39','null'),(308,'Tarjeta','15','En porcentaje'),(309,'CreditoP','10','En porcentaje'),(310,'Color','','Color escrito'),(311,'Precio','1490','En moneda local'),(312,'Medida','40','null'),(313,'Tarjeta','15','En porcentaje'),(314,'CreditoP','10','En porcentaje'),(315,'Color','','Color escrito'),(316,'Precio','1490','En moneda local'),(317,'Medida','34','null'),(318,'Tarjeta','15','En porcentaje'),(319,'CreditoP','10','En porcentaje'),(320,'Color','','Color escrito'),(321,'Precio','1490','En moneda local'),(322,'Medida','35','null'),(323,'Tarjeta','15','En porcentaje'),(324,'CreditoP','10','En porcentaje'),(325,'Color','','Color escrito'),(326,'Precio','1490','En moneda local'),(327,'Medida','36','null'),(328,'Tarjeta','15','En porcentaje'),(329,'CreditoP','10','En porcentaje'),(330,'Color','','Color escrito'),(331,'Precio','1490','En moneda local'),(332,'Medida','37','null'),(333,'Tarjeta','15','En porcentaje'),(334,'CreditoP','10','En porcentaje'),(335,'Color','','Color escrito'),(336,'Precio','1490','En moneda local'),(337,'Medida','38','null'),(338,'Tarjeta','15','En porcentaje'),(339,'CreditoP','10','En porcentaje'),(340,'Color','','Color escrito'),(341,'Precio','1490','En moneda local'),(342,'Medida','39','null'),(343,'Tarjeta','15','En porcentaje'),(344,'CreditoP','10','En porcentaje'),(345,'Color','','Color escrito'),(346,'Precio','1490','En moneda local'),(347,'Medida','40','null'),(348,'Tarjeta','15','En porcentaje'),(349,'CreditoP','10','En porcentaje'),(350,'Color','','Color escrito'),(351,'Precio','1490','En moneda local'),(352,'Medida','42','null'),(353,'Tarjeta','15','En porcentaje'),(354,'CreditoP','10','En porcentaje'),(355,'Color','','Color escrito'),(356,'Precio','1490','En moneda local'),(357,'Medida','43','null'),(358,'Tarjeta','15','En porcentaje'),(359,'CreditoP','10','En porcentaje'),(360,'Color','','Color escrito'),(361,'Precio','1490','En moneda local'),(362,'Medida','34','null'),(363,'Tarjeta','15','En porcentaje'),(364,'CreditoP','10','En porcentaje'),(365,'Color','','Color escrito'),(366,'Precio','1490','En moneda local'),(367,'Medida','35','null'),(368,'Tarjeta','15','En porcentaje'),(369,'CreditoP','10','En porcentaje'),(370,'Color','','Color escrito'),(371,'Precio','1490','En moneda local'),(372,'Medida','36','null'),(373,'Tarjeta','15','En porcentaje'),(374,'CreditoP','10','En porcentaje'),(375,'Color','','Color escrito'),(376,'Precio','1490','En moneda local'),(377,'Medida','37','null'),(378,'Tarjeta','15','En porcentaje'),(379,'CreditoP','10','En porcentaje'),(380,'Color','','Color escrito'),(381,'Precio','1490','En moneda local'),(382,'Medida','38','null'),(383,'Tarjeta','15','En porcentaje'),(384,'CreditoP','10','En porcentaje'),(385,'Color','','Color escrito'),(386,'Precio','1490','En moneda local'),(387,'Medida','39','null'),(388,'Tarjeta','15','En porcentaje'),(389,'CreditoP','10','En porcentaje'),(390,'Color','','Color escrito'),(391,'Precio','1490','En moneda local'),(392,'Medida','40','null'),(393,'Tarjeta','15','En porcentaje'),(394,'CreditoP','10','En porcentaje'),(395,'Color','','Color escrito'),(396,'Precio','1490','En moneda local'),(397,'Medida','41','null'),(398,'Tarjeta','15','En porcentaje'),(399,'CreditoP','10','En porcentaje'),(400,'Color','','Color escrito'),(401,'Precio','1490','En moneda local'),(402,'Medida','42','null'),(403,'Tarjeta','15','En porcentaje'),(404,'CreditoP','10','En porcentaje'),(405,'Color','','Color escrito'),(406,'Precio','1490','En moneda local'),(407,'Medida','34','null'),(408,'Tarjeta','15','En porcentaje'),(409,'CreditoP','10','En porcentaje'),(410,'Color','','Color escrito'),(411,'Precio','1490','En moneda local'),(412,'Medida','35','null'),(413,'Tarjeta','15','En porcentaje'),(414,'CreditoP','10','En porcentaje'),(415,'Color','','Color escrito'),(416,'Precio','1490','En moneda local'),(417,'Medida','38','null'),(418,'Tarjeta','15','En porcentaje'),(419,'CreditoP','10','En porcentaje'),(420,'Color','','Color escrito'),(421,'Precio','1540','En moneda local'),(422,'Medida','34','null'),(423,'Tarjeta','15','En porcentaje'),(424,'CreditoP','10','En porcentaje'),(425,'Color','','Color escrito'),(426,'Precio','1540','En moneda local'),(427,'Medida','35','null'),(428,'Tarjeta','15','En porcentaje'),(429,'CreditoP','10','En porcentaje'),(430,'Color','','Color escrito'),(431,'Precio','1540','En moneda local'),(432,'Medida','38','null'),(433,'Tarjeta','15','En porcentaje'),(434,'CreditoP','10','En porcentaje'),(435,'Color','','Color escrito'),(436,'Precio','1540','En moneda local'),(437,'Medida','39','null'),(438,'Tarjeta','15','En porcentaje'),(439,'CreditoP','10','En porcentaje'),(440,'Color','','Color escrito'),(441,'Precio','1540','En moneda local'),(442,'Medida','40','null'),(443,'Tarjeta','15','En porcentaje'),(444,'CreditoP','10','En porcentaje'),(445,'Color','','Color escrito'),(446,'Precio','1540','En moneda local'),(447,'Medida','34','null'),(448,'Tarjeta','15','En porcentaje'),(449,'CreditoP','10','En porcentaje'),(450,'Color','','Color escrito'),(451,'Precio','1540','En moneda local'),(452,'Medida','37','null'),(453,'Tarjeta','15','En porcentaje'),(454,'CreditoP','10','En porcentaje'),(455,'Color','','Color escrito'),(456,'Precio','1540','En moneda local'),(457,'Medida','38','null'),(458,'Tarjeta','15','En porcentaje'),(459,'CreditoP','10','En porcentaje'),(460,'Color','','Color escrito'),(461,'Precio','1540','En moneda local'),(462,'Medida','39','null'),(463,'Tarjeta','15','En porcentaje'),(464,'CreditoP','10','En porcentaje'),(465,'Color','','Color escrito'),(466,'Precio','1540','En moneda local'),(467,'Medida','40','null'),(468,'Tarjeta','15','En porcentaje'),(469,'CreditoP','10','En porcentaje'),(470,'Color','','Color escrito'),(471,'Precio','1490','En moneda local'),(472,'Medida','34','null'),(473,'Tarjeta','15','En porcentaje'),(474,'CreditoP','10','En porcentaje'),(475,'Color','','Color escrito'),(476,'Precio','1490','En moneda local'),(477,'Medida','39','null'),(478,'Tarjeta','15','En porcentaje'),(479,'CreditoP','10','En porcentaje'),(480,'Color','','Color escrito'),(481,'Precio','1490','En moneda local'),(482,'Medida','40','null'),(483,'Tarjeta','15','En porcentaje'),(484,'CreditoP','10','En porcentaje'),(485,'Color','','Color escrito'),(486,'Precio','1690','En moneda local'),(487,'Medida','36','null'),(488,'Tarjeta','15','En porcentaje'),(489,'CreditoP','10','En porcentaje'),(490,'Color','','Color escrito'),(491,'Precio','1690','En moneda local'),(492,'Medida','37','null'),(493,'Tarjeta','15','En porcentaje'),(494,'CreditoP','10','En porcentaje'),(495,'Color','','Color escrito'),(496,'Precio','1690','En moneda local'),(497,'Medida','38','null'),(498,'Tarjeta','15','En porcentaje'),(499,'CreditoP','10','En porcentaje'),(500,'Color','','Color escrito'),(501,'Precio','1690','En moneda local'),(502,'Medida','39','null'),(503,'Tarjeta','15','En porcentaje'),(504,'CreditoP','10','En porcentaje'),(505,'Color','','Color escrito'),(506,'Precio','1690','En moneda local'),(507,'Medida','40','null'),(508,'Tarjeta','15','En porcentaje'),(509,'CreditoP','10','En porcentaje'),(510,'Color','','Color escrito'),(511,'Precio','1690','En moneda local'),(512,'Medida','41','null'),(513,'Tarjeta','15','En porcentaje'),(514,'CreditoP','10','En porcentaje'),(515,'Color','','Color escrito'),(516,'Precio','1690','En moneda local'),(517,'Medida','43','null'),(518,'Tarjeta','15','En porcentaje'),(519,'CreditoP','10','En porcentaje'),(520,'Color','','Color escrito'),(521,'Precio','1690','En moneda local'),(522,'Medida','34','null'),(523,'Tarjeta','15','En porcentaje'),(524,'CreditoP','10','En porcentaje'),(525,'Color','','Color escrito'),(526,'Precio','1690','En moneda local'),(527,'Medida','35','null'),(528,'Tarjeta','15','En porcentaje'),(529,'CreditoP','10','En porcentaje'),(530,'Color','','Color escrito'),(531,'Precio','1690','En moneda local'),(532,'Medida','36','null'),(533,'Tarjeta','15','En porcentaje'),(534,'CreditoP','10','En porcentaje'),(535,'Color','','Color escrito'),(536,'Precio','1690','En moneda local'),(537,'Medida','37','null'),(538,'Tarjeta','15','En porcentaje'),(539,'CreditoP','10','En porcentaje'),(540,'Color','','Color escrito'),(541,'Precio','1690','En moneda local'),(542,'Medida','38','null'),(543,'Tarjeta','15','En porcentaje'),(544,'CreditoP','10','En porcentaje'),(545,'Color','','Color escrito'),(546,'Precio','1690','En moneda local'),(547,'Medida','39','null'),(548,'Tarjeta','15','En porcentaje'),(549,'CreditoP','10','En porcentaje'),(550,'Color','','Color escrito'),(551,'Precio','1690','En moneda local'),(552,'Medida','40','null'),(553,'Tarjeta','15','En porcentaje'),(554,'CreditoP','10','En porcentaje'),(555,'Color','','Color escrito'),(556,'Precio','1690','En moneda local'),(557,'Medida','34','null'),(558,'Tarjeta','15','En porcentaje'),(559,'CreditoP','10','En porcentaje'),(560,'Color','','Color escrito'),(561,'Precio','1690','En moneda local'),(562,'Medida','35','null'),(563,'Tarjeta','15','En porcentaje'),(564,'CreditoP','10','En porcentaje'),(565,'Color','','Color escrito'),(566,'Precio','1690','En moneda local'),(567,'Medida','36','null'),(568,'Tarjeta','15','En porcentaje'),(569,'CreditoP','10','En porcentaje'),(570,'Color','','Color escrito'),(571,'Precio','1690','En moneda local'),(572,'Medida','37','null'),(573,'Tarjeta','15','En porcentaje'),(574,'CreditoP','10','En porcentaje'),(575,'Color','','Color escrito'),(576,'Precio','1690','En moneda local'),(577,'Medida','38','null'),(578,'Tarjeta','15','En porcentaje'),(579,'CreditoP','10','En porcentaje'),(580,'Color','','Color escrito'),(581,'Precio','1690','En moneda local'),(582,'Medida','39','null'),(583,'Tarjeta','15','En porcentaje'),(584,'CreditoP','10','En porcentaje'),(585,'Color','','Color escrito'),(586,'Precio','1690','En moneda local'),(587,'Medida','34','null'),(588,'Tarjeta','15','En porcentaje'),(589,'CreditoP','10','En porcentaje'),(590,'Color','','Color escrito'),(591,'Precio','1690','En moneda local'),(592,'Medida','37','null'),(593,'Tarjeta','15','En porcentaje'),(594,'CreditoP','10','En porcentaje'),(595,'Color','','Color escrito'),(596,'Precio','1690','En moneda local'),(597,'Medida','38','null'),(598,'Tarjeta','15','En porcentaje'),(599,'CreditoP','10','En porcentaje'),(600,'Color','','Color escrito'),(601,'Precio','1690','En moneda local'),(602,'Medida','39','null'),(603,'Tarjeta','15','En porcentaje'),(604,'CreditoP','10','En porcentaje'),(605,'Color','','Color escrito'),(606,'Precio','1690','En moneda local'),(607,'Medida','40','null'),(608,'Tarjeta','15','En porcentaje'),(609,'CreditoP','10','En porcentaje'),(610,'Color','','Color escrito'),(611,'Precio','1690','En moneda local'),(612,'Medida','34','null'),(613,'Tarjeta','15','En porcentaje'),(614,'CreditoP','10','En porcentaje'),(615,'Color','','Color escrito'),(616,'Precio','1690','En moneda local'),(617,'Medida','40','null'),(618,'Tarjeta','15','En porcentaje'),(619,'CreditoP','10','En porcentaje'),(620,'Color','','Color escrito'),(621,'Precio','1690','En moneda local'),(622,'Medida','41','null'),(623,'Tarjeta','15','En porcentaje'),(624,'CreditoP','10','En porcentaje'),(625,'Color','','Color escrito'),(626,'Precio','1690','En moneda local'),(627,'Medida','42','null'),(628,'Tarjeta','15','En porcentaje'),(629,'CreditoP','10','En porcentaje'),(630,'Color','','Color escrito'),(631,'Precio','1690','En moneda local'),(632,'Medida','34','null'),(633,'Tarjeta','15','En porcentaje'),(634,'CreditoP','10','En porcentaje'),(635,'Color','','Color escrito'),(636,'Precio','1690','En moneda local'),(637,'Medida','35','null'),(638,'Tarjeta','15','En porcentaje'),(639,'CreditoP','10','En porcentaje'),(640,'Color','','Color escrito'),(641,'Precio','1690','En moneda local'),(642,'Medida','37','null'),(643,'Tarjeta','15','En porcentaje'),(644,'CreditoP','10','En porcentaje'),(645,'Color','','Color escrito'),(646,'Precio','1690','En moneda local'),(647,'Medida','38','null'),(648,'Tarjeta','15','En porcentaje'),(649,'CreditoP','10','En porcentaje'),(650,'Color','','Color escrito'),(651,'Precio','1690','En moneda local'),(652,'Medida','39','null'),(653,'Tarjeta','15','En porcentaje'),(654,'CreditoP','10','En porcentaje'),(655,'Color','','Color escrito'),(656,'Precio','1690','En moneda local'),(657,'Medida','40','null'),(658,'Tarjeta','15','En porcentaje'),(659,'CreditoP','10','En porcentaje'),(660,'Color','','Color escrito'),(661,'Precio','1690','En moneda local'),(662,'Medida','41','null'),(663,'Tarjeta','15','En porcentaje'),(664,'CreditoP','10','En porcentaje'),(665,'Color','','Color escrito'),(666,'Precio','1690','En moneda local'),(667,'Medida','42','null'),(668,'Tarjeta','15','En porcentaje'),(669,'CreditoP','10','En porcentaje'),(670,'Color','','Color escrito'),(671,'Precio','1690','En moneda local'),(672,'Medida','43','null'),(673,'Tarjeta','15','En porcentaje'),(674,'CreditoP','10','En porcentaje'),(675,'Color','','Color escrito'),(676,'Precio','1690','En moneda local'),(677,'Medida','34','null'),(678,'Tarjeta','15','En porcentaje'),(679,'CreditoP','10','En porcentaje'),(680,'Color','','Color escrito'),(681,'Precio','1690','En moneda local'),(682,'Medida','39','null'),(683,'Tarjeta','15','En porcentaje'),(684,'CreditoP','10','En porcentaje'),(685,'Color','','Color escrito'),(686,'Precio','1690','En moneda local'),(687,'Medida','40','null'),(688,'Tarjeta','15','En porcentaje'),(689,'CreditoP','10','En porcentaje'),(690,'Color','','Color escrito'),(691,'Precio','1690','En moneda local'),(692,'Medida','41','null'),(693,'Tarjeta','15','En porcentaje'),(694,'CreditoP','10','En porcentaje'),(695,'Color','','Color escrito'),(696,'Precio','1690','En moneda local'),(697,'Medida','42','null'),(698,'Tarjeta','15','En porcentaje'),(699,'CreditoP','10','En porcentaje'),(700,'Color','','Color escrito'),(701,'Precio','1690','En moneda local'),(702,'Medida','43','null'),(703,'Tarjeta','15','En porcentaje'),(704,'CreditoP','10','En porcentaje'),(705,'Color','','Color escrito'),(706,'Precio','1690','En moneda local'),(707,'Medida','35','null'),(708,'Tarjeta','15','En porcentaje'),(709,'CreditoP','10','En porcentaje'),(710,'Color','','Color escrito'),(711,'Precio','1690','En moneda local'),(712,'Medida','38','null'),(713,'Tarjeta','15','En porcentaje'),(714,'CreditoP','10','En porcentaje'),(715,'Color','','Color escrito'),(716,'Precio','1690','En moneda local'),(717,'Medida','39','null'),(718,'Tarjeta','15','En porcentaje'),(719,'CreditoP','10','En porcentaje'),(720,'Color','','Color escrito'),(721,'Precio','1690','En moneda local'),(722,'Medida','34','null'),(723,'Tarjeta','15','En porcentaje'),(724,'CreditoP','10','En porcentaje'),(725,'Color','','Color escrito'),(726,'Precio','1690','En moneda local'),(727,'Medida','35','null'),(728,'Tarjeta','15','En porcentaje'),(729,'CreditoP','10','En porcentaje'),(730,'Color','','Color escrito'),(731,'Precio','1690','En moneda local'),(732,'Medida','36','null'),(733,'Tarjeta','15','En porcentaje'),(734,'CreditoP','10','En porcentaje'),(735,'Color','','Color escrito'),(736,'Precio','1690','En moneda local'),(737,'Medida','37','null'),(738,'Tarjeta','15','En porcentaje'),(739,'CreditoP','10','En porcentaje'),(740,'Color','','Color escrito'),(741,'Precio','1690','En moneda local'),(742,'Medida','38','null'),(743,'Tarjeta','15','En porcentaje'),(744,'CreditoP','10','En porcentaje'),(745,'Color','','Color escrito'),(746,'Precio','1690','En moneda local'),(747,'Medida','39','null'),(748,'Tarjeta','15','En porcentaje'),(749,'CreditoP','10','En porcentaje'),(750,'Color','','Color escrito'),(751,'Precio','1690','En moneda local'),(752,'Medida','40','null'),(753,'Tarjeta','15','En porcentaje'),(754,'CreditoP','10','En porcentaje'),(755,'Color','','Color escrito'),(756,'Precio','1690','En moneda local'),(757,'Medida','41','null'),(758,'Tarjeta','15','En porcentaje'),(759,'CreditoP','10','En porcentaje'),(760,'Color','','Color escrito'),(761,'Precio','1690','En moneda local'),(762,'Medida','34','null'),(763,'Tarjeta','15','En porcentaje'),(764,'CreditoP','10','En porcentaje'),(765,'Color','','Color escrito'),(766,'Precio','1690','En moneda local'),(767,'Medida','35','null'),(768,'Tarjeta','15','En porcentaje'),(769,'CreditoP','10','En porcentaje'),(770,'Color','','Color escrito'),(771,'Precio','1690','En moneda local'),(772,'Medida','36','null'),(773,'Tarjeta','15','En porcentaje'),(774,'CreditoP','10','En porcentaje'),(775,'Color','','Color escrito'),(776,'Precio','1690','En moneda local'),(777,'Medida','37','null'),(778,'Tarjeta','15','En porcentaje'),(779,'CreditoP','10','En porcentaje'),(780,'Color','','Color escrito'),(781,'Precio','1690','En moneda local'),(782,'Medida','38','null'),(783,'Tarjeta','15','En porcentaje'),(784,'CreditoP','10','En porcentaje'),(785,'Color','','Color escrito'),(786,'Precio','1690','En moneda local'),(787,'Medida','39','null'),(788,'Tarjeta','15','En porcentaje'),(789,'CreditoP','10','En porcentaje'),(790,'Color','','Color escrito'),(791,'Precio','1690','En moneda local'),(792,'Medida','40','null'),(793,'Tarjeta','15','En porcentaje'),(794,'CreditoP','10','En porcentaje'),(795,'Color','','Color escrito'),(796,'Precio','1690','En moneda local'),(797,'Medida','41','null'),(798,'Tarjeta','15','En porcentaje'),(799,'CreditoP','10','En porcentaje'),(800,'Color','','Color escrito'),(801,'Precio','1690','En moneda local'),(802,'Medida','42','null'),(803,'Tarjeta','15','En porcentaje'),(804,'CreditoP','10','En porcentaje'),(805,'Color','','Color escrito'),(806,'Precio','1690','En moneda local'),(807,'Medida','43','null'),(808,'Tarjeta','15','En porcentaje'),(809,'CreditoP','10','En porcentaje'),(810,'Color','','Color escrito'),(811,'Precio','1690','En moneda local'),(812,'Medida','35','null'),(813,'Tarjeta','15','En porcentaje'),(814,'CreditoP','10','En porcentaje'),(815,'Color','','Color escrito'),(816,'Precio','1690','En moneda local'),(817,'Medida','36','null'),(818,'Tarjeta','15','En porcentaje'),(819,'CreditoP','10','En porcentaje'),(820,'Color','','Color escrito'),(821,'Precio','1690','En moneda local'),(822,'Medida','37','null'),(823,'Tarjeta','15','En porcentaje'),(824,'CreditoP','10','En porcentaje'),(825,'Color','','Color escrito'),(826,'Precio','1690','En moneda local'),(827,'Medida','38','null'),(828,'Tarjeta','15','En porcentaje'),(829,'CreditoP','10','En porcentaje'),(830,'Color','','Color escrito'),(831,'Precio','1690','En moneda local'),(832,'Medida','39','null'),(833,'Tarjeta','15','En porcentaje'),(834,'CreditoP','10','En porcentaje'),(835,'Color','','Color escrito'),(836,'Precio','1690','En moneda local'),(837,'Medida','40','null'),(838,'Tarjeta','15','En porcentaje'),(839,'CreditoP','10','En porcentaje'),(840,'Color','','Color escrito'),(841,'Precio','1690','En moneda local'),(842,'Medida','41','null'),(843,'Tarjeta','15','En porcentaje'),(844,'CreditoP','10','En porcentaje'),(845,'Color','','Color escrito'),(846,'Precio','1690','En moneda local'),(847,'Medida','42','null'),(848,'Tarjeta','15','En porcentaje'),(849,'CreditoP','10','En porcentaje'),(850,'Color','','Color escrito'),(851,'Precio','990','En moneda local'),(852,'Medida','34','null'),(853,'Tarjeta','15','En porcentaje'),(854,'CreditoP','10','En porcentaje'),(855,'Color','','Color escrito'),(856,'Precio','990','En moneda local'),(857,'Medida','38','null'),(858,'Tarjeta','15','En porcentaje'),(859,'CreditoP','10','En porcentaje'),(860,'Color','','Color escrito'),(861,'Precio','990','En moneda local'),(862,'Medida','40','null'),(863,'Tarjeta','15','En porcentaje'),(864,'CreditoP','10','En porcentaje'),(865,'Color','','Color escrito'),(866,'Precio','990','En moneda local'),(867,'Medida','41','null'),(868,'Tarjeta','15','En porcentaje'),(869,'CreditoP','10','En porcentaje'),(870,'Color','','Color escrito'),(871,'Precio','990','En moneda local'),(872,'Medida','42','null'),(873,'Tarjeta','15','En porcentaje'),(874,'CreditoP','10','En porcentaje'),(875,'Color','','Color escrito'),(876,'Precio','990','En moneda local'),(877,'Medida','43','null'),(878,'Tarjeta','15','En porcentaje'),(879,'CreditoP','10','En porcentaje'),(880,'Color','','Color escrito'),(881,'Precio','1490','En moneda local'),(882,'Medida','39','null'),(883,'Tarjeta','15','En porcentaje'),(884,'CreditoP','10','En porcentaje'),(885,'Color','','Color escrito'),(886,'Precio','1490','En moneda local'),(887,'Medida','40','null'),(888,'Tarjeta','15','En porcentaje'),(889,'CreditoP','10','En porcentaje'),(890,'Color','','Color escrito'),(891,'Precio','1490','En moneda local'),(892,'Medida','38','null'),(893,'Tarjeta','15','En porcentaje'),(894,'CreditoP','10','En porcentaje'),(895,'Color','','Color escrito'),(896,'Precio','1490','En moneda local'),(897,'Medida','39','null'),(898,'Tarjeta','15','En porcentaje'),(899,'CreditoP','10','En porcentaje'),(900,'Color','','Color escrito'),(901,'Precio','1490','En moneda local'),(902,'Medida','40','null'),(903,'Tarjeta','15','En porcentaje'),(904,'CreditoP','10','En porcentaje'),(905,'Color','','Color escrito'),(906,'Precio','1690','En moneda local'),(907,'Medida','34','null'),(908,'Tarjeta','15','En porcentaje'),(909,'CreditoP','10','En porcentaje'),(910,'Color','','Color escrito'),(911,'Precio','1690','En moneda local'),(912,'Medida','35','null'),(913,'Tarjeta','15','En porcentaje'),(914,'CreditoP','10','En porcentaje'),(915,'Color','','Color escrito'),(916,'Precio','1690','En moneda local'),(917,'Medida','36','null'),(918,'Tarjeta','15','En porcentaje'),(919,'CreditoP','10','En porcentaje'),(920,'Color','','Color escrito'),(921,'Precio','1690','En moneda local'),(922,'Medida','37','null'),(923,'Tarjeta','15','En porcentaje'),(924,'CreditoP','10','En porcentaje'),(925,'Color','','Color escrito'),(926,'Precio','1690','En moneda local'),(927,'Medida','38','null'),(928,'Tarjeta','15','En porcentaje'),(929,'CreditoP','10','En porcentaje'),(930,'Color','','Color escrito'),(931,'Precio','1690','En moneda local'),(932,'Medida','39','null'),(933,'Tarjeta','15','En porcentaje'),(934,'CreditoP','10','En porcentaje'),(935,'Color','','Color escrito'),(936,'Precio','1690','En moneda local'),(937,'Medida','40','null'),(938,'Tarjeta','15','En porcentaje'),(939,'CreditoP','10','En porcentaje'),(940,'Color','','Color escrito'),(941,'Precio','1690','En moneda local'),(942,'Medida','41','null'),(943,'Tarjeta','15','En porcentaje'),(944,'CreditoP','10','En porcentaje'),(945,'Color','','Color escrito'),(946,'Precio','1690','En moneda local'),(947,'Medida','42','null'),(948,'Tarjeta','15','En porcentaje'),(949,'CreditoP','10','En porcentaje'),(950,'Color','','Color escrito'),(951,'Precio','1690','En moneda local'),(952,'Medida','43','null'),(953,'Tarjeta','15','En porcentaje'),(954,'CreditoP','10','En porcentaje'),(955,'Color','','Color escrito'),(956,'Precio','1690','En moneda local'),(957,'Medida','34','null'),(958,'Tarjeta','15','En porcentaje'),(959,'CreditoP','10','En porcentaje'),(960,'Color','','Color escrito'),(961,'Precio','1690','En moneda local'),(962,'Medida','35','null'),(963,'Tarjeta','15','En porcentaje'),(964,'CreditoP','10','En porcentaje'),(965,'Color','','Color escrito'),(966,'Precio','1690','En moneda local'),(967,'Medida','37','null'),(968,'Tarjeta','15','En porcentaje'),(969,'CreditoP','10','En porcentaje'),(970,'Color','','Color escrito'),(971,'Precio','1690','En moneda local'),(972,'Medida','40 41 ','null'),(973,'Tarjeta','15','En porcentaje'),(974,'CreditoP','10','En porcentaje'),(975,'Color','','Color escrito'),(976,'Precio','1690','En moneda local'),(977,'Medida','41','null'),(978,'Tarjeta','15','En porcentaje'),(979,'CreditoP','10','En porcentaje'),(980,'Color','','Color escrito'),(981,'Precio','990','En moneda local'),(982,'Medida','34','null'),(983,'Tarjeta','15','En porcentaje'),(984,'CreditoP','10','En porcentaje'),(985,'Color','','Color escrito'),(986,'Precio','990','En moneda local'),(987,'Medida','43','null'),(988,'Tarjeta','15','En porcentaje'),(989,'CreditoP','10','En porcentaje'),(990,'Color','','Color escrito'),(991,'Precio','1690','En moneda local'),(992,'Medida','34','null'),(993,'Tarjeta','15','En porcentaje'),(994,'CreditoP','10','En porcentaje'),(995,'Color','','Color escrito'),(996,'Precio','1690','En moneda local'),(997,'Medida','37','null'),(998,'Tarjeta','15','En porcentaje'),(999,'CreditoP','10','En porcentaje'),(1000,'Color','','Color escrito'),(1001,'Precio','1690','En moneda local'),(1002,'Medida','40','null'),(1003,'Tarjeta','15','En porcentaje'),(1004,'CreditoP','10','En porcentaje'),(1005,'Color','','Color escrito'),(1006,'Precio','1690','En moneda local'),(1007,'Medida','41','null'),(1008,'Tarjeta','15','En porcentaje'),(1009,'CreditoP','10','En porcentaje'),(1010,'Color','','Color escrito'),(1011,'Precio','1690','En moneda local'),(1012,'Medida','42','null'),(1013,'Tarjeta','15','En porcentaje'),(1014,'CreditoP','10','En porcentaje'),(1015,'Color','','Color escrito'),(1016,'Precio','1690','En moneda local'),(1017,'Medida','43','null'),(1018,'Tarjeta','15','En porcentaje'),(1019,'CreditoP','10','En porcentaje'),(1020,'Color','','Color escrito'),(1021,'Precio','990','En moneda local'),(1022,'Medida','34','null'),(1023,'Tarjeta','15','En porcentaje'),(1024,'CreditoP','10','En porcentaje'),(1025,'Color','','Color escrito'),(1026,'Precio','990','En moneda local'),(1027,'Medida','34','null'),(1028,'Tarjeta','15','En porcentaje'),(1029,'CreditoP','10','En porcentaje'),(1030,'Color','','Color escrito'),(1031,'Precio','990','En moneda local'),(1032,'Medida','38','null'),(1033,'Tarjeta','15','En porcentaje'),(1034,'CreditoP','10','En porcentaje'),(1035,'Color','','Color escrito'),(1036,'Precio','990','En moneda local'),(1037,'Medida','40','null'),(1038,'Tarjeta','15','En porcentaje'),(1039,'CreditoP','10','En porcentaje'),(1040,'Color','','Color escrito'),(1041,'Precio','800','En moneda local'),(1042,'Medida','40','null'),(1043,'Tarjeta','15','En porcentaje'),(1044,'CreditoP','10','En porcentaje'),(1045,'Color','','Color escrito'),(1046,'Precio','990','En moneda local'),(1047,'Medida','40','null'),(1048,'Tarjeta','15','En porcentaje'),(1049,'CreditoP','10','En porcentaje'),(1050,'Color','','Color escrito'),(1051,'Precio','990','En moneda local'),(1052,'Medida','43','null'),(1053,'Tarjeta','15','En porcentaje'),(1054,'CreditoP','10','En porcentaje'),(1055,'Color','','Color escrito'),(1056,'Precio','800','En moneda local'),(1057,'Medida','40','null'),(1058,'Tarjeta','15','En porcentaje'),(1059,'CreditoP','10','En porcentaje'),(1060,'Color','','Color escrito'),(1061,'Precio','800','En moneda local'),(1062,'Medida','40','null'),(1063,'Tarjeta','15','En porcentaje'),(1064,'CreditoP','10','En porcentaje'),(1065,'Color','','Color escrito'),(1066,'Precio','800','En moneda local'),(1067,'Medida','41','null'),(1068,'Tarjeta','15','En porcentaje'),(1069,'CreditoP','10','En porcentaje'),(1070,'Color','','Color escrito'),(1071,'Precio','800','En moneda local'),(1072,'Medida','42','null'),(1073,'Tarjeta','15','En porcentaje'),(1074,'CreditoP','10','En porcentaje'),(1075,'Color','','Color escrito'),(1076,'Precio','800','En moneda local'),(1077,'Medida','34','null'),(1078,'Tarjeta','15','En porcentaje'),(1079,'CreditoP','10','En porcentaje'),(1080,'Color','','Color escrito'),(1081,'Precio','600','En moneda local'),(1082,'Medida','40','null'),(1083,'Tarjeta','15','En porcentaje'),(1084,'CreditoP','10','En porcentaje'),(1085,'Color','','Color escrito'),(1086,'Precio','600','En moneda local'),(1087,'Medida','42','null'),(1088,'Tarjeta','15','En porcentaje'),(1089,'CreditoP','10','En porcentaje'),(1090,'Color','','Color escrito'),(1091,'Precio','600','En moneda local'),(1092,'Medida','43','null'),(1093,'Tarjeta','15','En porcentaje'),(1094,'CreditoP','10','En porcentaje'),(1095,'Color','','Color escrito'),(1096,'Precio','800','En moneda local'),(1097,'Medida','40','null'),(1098,'Tarjeta','15','En porcentaje'),(1099,'CreditoP','10','En porcentaje'),(1100,'Color','','Color escrito'),(1101,'Precio','800','En moneda local'),(1102,'Medida','40','null'),(1103,'Tarjeta','15','En porcentaje'),(1104,'CreditoP','10','En porcentaje'),(1105,'Color','','Color escrito'),(1106,'Precio','990','En moneda local'),(1107,'Medida','34','null'),(1108,'Tarjeta','15','En porcentaje'),(1109,'CreditoP','10','En porcentaje'),(1110,'Color','','Color escrito'),(1111,'Precio','990','En moneda local'),(1112,'Medida','43','null'),(1113,'Tarjeta','15','En porcentaje'),(1114,'CreditoP','10','En porcentaje'),(1115,'Color','','Color escrito'),(1116,'Precio','800','En moneda local'),(1117,'Medida','40','null'),(1118,'Tarjeta','15','En porcentaje'),(1119,'CreditoP','10','En porcentaje'),(1120,'Color','','Color escrito'),(1121,'Precio','800','En moneda local'),(1122,'Medida','42','null'),(1123,'Tarjeta','15','En porcentaje'),(1124,'CreditoP','10','En porcentaje'),(1125,'Color','','Color escrito'),(1126,'Precio','800','En moneda local'),(1127,'Medida','40','null'),(1128,'Tarjeta','15','En porcentaje'),(1129,'CreditoP','10','En porcentaje'),(1130,'Color','','Color escrito'),(1131,'Precio','1690','En moneda local'),(1132,'Medida','34','null'),(1133,'Tarjeta','15','En porcentaje'),(1134,'CreditoP','10','En porcentaje'),(1135,'Color','','Color escrito'),(1136,'Precio','1690','En moneda local'),(1137,'Medida','35','null'),(1138,'Tarjeta','15','En porcentaje'),(1139,'CreditoP','10','En porcentaje'),(1140,'Color','','Color escrito'),(1141,'Precio','1690','En moneda local'),(1142,'Medida','36','null'),(1143,'Tarjeta','15','En porcentaje'),(1144,'CreditoP','10','En porcentaje'),(1145,'Color','','Color escrito'),(1146,'Precio','1690','En moneda local'),(1147,'Medida','38','null'),(1148,'Tarjeta','15','En porcentaje'),(1149,'CreditoP','10','En porcentaje'),(1150,'Color','','Color escrito'),(1151,'Precio','1690','En moneda local'),(1152,'Medida','37','null'),(1153,'Tarjeta','15','En porcentaje'),(1154,'CreditoP','10','En porcentaje'),(1155,'Color','','Color escrito'),(1156,'Precio','1690','En moneda local'),(1157,'Medida','39','null'),(1158,'Tarjeta','15','En porcentaje'),(1159,'CreditoP','10','En porcentaje'),(1160,'Color','','Color escrito'),(1161,'Precio','1690','En moneda local'),(1162,'Medida','40','null'),(1163,'Tarjeta','15','En porcentaje'),(1164,'CreditoP','10','En porcentaje'),(1165,'Color','','Color escrito'),(1166,'Precio','1690','En moneda local'),(1167,'Medida','40','null'),(1168,'Tarjeta','15','En porcentaje'),(1169,'CreditoP','10','En porcentaje'),(1170,'Color','','Color escrito'),(1171,'Precio','1690','En moneda local'),(1172,'Medida','41','null'),(1173,'Tarjeta','15','En porcentaje'),(1174,'CreditoP','10','En porcentaje'),(1175,'Color','','Color escrito'),(1176,'Precio','1690','En moneda local'),(1177,'Medida','42','null'),(1178,'Tarjeta','15','En porcentaje'),(1179,'CreditoP','10','En porcentaje'),(1180,'Color','','Color escrito'),(1181,'Precio','1690','En moneda local'),(1182,'Medida','43','null'),(1183,'Tarjeta','15','En porcentaje'),(1184,'CreditoP','10','En porcentaje'),(1185,'Color','','Color escrito'),(1186,'Precio','1490','En moneda local'),(1187,'Medida','34','null'),(1188,'Tarjeta','15','En porcentaje'),(1189,'CreditoP','10','En porcentaje'),(1190,'Color','','Color escrito'),(1191,'Precio','1490','En moneda local'),(1192,'Medida','39','null'),(1193,'Tarjeta','15','En porcentaje'),(1194,'CreditoP','10','En porcentaje'),(1195,'Color','','Color escrito'),(1196,'Precio','1490','En moneda local'),(1197,'Medida','40','null'),(1198,'Tarjeta','15','En porcentaje'),(1199,'CreditoP','10','En porcentaje'),(1200,'Color','','Color escrito'),(1201,'Precio','1690','En moneda local'),(1202,'Medida','36','null'),(1203,'Tarjeta','15','En porcentaje'),(1204,'CreditoP','10','En porcentaje'),(1205,'Color','','Color escrito'),(1206,'Precio','1690','En moneda local'),(1207,'Medida','39','null'),(1208,'Tarjeta','15','En porcentaje'),(1209,'CreditoP','10','En porcentaje'),(1210,'Color','','Color escrito'),(1211,'Precio','1690','En moneda local'),(1212,'Medida','40','null'),(1213,'Tarjeta','15','En porcentaje'),(1214,'CreditoP','10','En porcentaje'),(1215,'Color','','Color escrito'),(1216,'Precio','1690','En moneda local'),(1217,'Medida','41','null'),(1218,'Tarjeta','15','En porcentaje'),(1219,'CreditoP','10','En porcentaje'),(1220,'Color','','Color escrito'),(1221,'Precio','1690','En moneda local'),(1222,'Medida','42','null'),(1223,'Tarjeta','15','En porcentaje'),(1224,'CreditoP','10','En porcentaje'),(1225,'Color','','Color escrito'),(1226,'Precio','1690','En moneda local'),(1227,'Medida','43','null'),(1228,'Tarjeta','15','En porcentaje'),(1229,'CreditoP','10','En porcentaje'),(1230,'Color','','Color escrito'),(1231,'Precio','990','En moneda local'),(1232,'Medida','41','null'),(1233,'Tarjeta','15','En porcentaje'),(1234,'CreditoP','10','En porcentaje'),(1235,'Color','','Color escrito'),(1236,'Precio','990','En moneda local'),(1237,'Medida','43','null'),(1238,'Tarjeta','15','En porcentaje'),(1239,'CreditoP','10','En porcentaje'),(1240,'Color','','Color escrito'),(1241,'Precio','990','En moneda local'),(1242,'Medida','43','null'),(1243,'Tarjeta','15','En porcentaje'),(1244,'CreditoP','10','En porcentaje'),(1245,'Color','','Color escrito'),(1246,'Precio','800','En moneda local'),(1247,'Medida','42','null'),(1248,'Tarjeta','15','En porcentaje'),(1249,'CreditoP','10','En porcentaje'),(1250,'Color','','Color escrito'),(1251,'Precio','790','En moneda local'),(1252,'Medida','40','null'),(1253,'Tarjeta','15','En porcentaje'),(1254,'CreditoP','10','En porcentaje'),(1255,'Color','','Color escrito'),(1256,'Precio','790','En moneda local'),(1257,'Medida','42','null'),(1258,'Tarjeta','15','En porcentaje'),(1259,'CreditoP','10','En porcentaje'),(1260,'Color','','Color escrito'),(1261,'Precio','790','En moneda local'),(1262,'Medida','44','null'),(1263,'Tarjeta','15','En porcentaje'),(1264,'CreditoP','10','En porcentaje'),(1265,'Color','','Color escrito'),(1266,'Precio','790','En moneda local'),(1267,'Medida','46','null'),(1268,'Tarjeta','15','En porcentaje'),(1269,'CreditoP','10','En porcentaje'),(1270,'Color','','Color escrito'),(1271,'Precio','790','En moneda local'),(1272,'Medida','48','null'),(1273,'Tarjeta','15','En porcentaje'),(1274,'CreditoP','10','En porcentaje'),(1275,'Color','','Color escrito'),(1276,'Precio','890','En moneda local'),(1277,'Medida','38','null'),(1278,'Tarjeta','15','En porcentaje'),(1279,'CreditoP','10','En porcentaje'),(1280,'Color','','Color escrito'),(1281,'Precio','890','En moneda local'),(1282,'Medida','40','null'),(1283,'Tarjeta','15','En porcentaje'),(1284,'CreditoP','10','En porcentaje'),(1285,'Color','','Color escrito'),(1286,'Precio','890','En moneda local'),(1287,'Medida','42','null'),(1288,'Tarjeta','15','En porcentaje'),(1289,'CreditoP','10','En porcentaje'),(1290,'Color','','Color escrito'),(1291,'Precio','890','En moneda local'),(1292,'Medida','44','null'),(1293,'Tarjeta','15','En porcentaje'),(1294,'CreditoP','10','En porcentaje'),(1295,'Color','','Color escrito'),(1296,'Precio','890','En moneda local'),(1297,'Medida','46','null'),(1298,'Tarjeta','15','En porcentaje'),(1299,'CreditoP','10','En porcentaje'),(1300,'Color','','Color escrito'),(1301,'Precio','890','En moneda local'),(1302,'Medida','48','null'),(1303,'Tarjeta','15','En porcentaje'),(1304,'CreditoP','10','En porcentaje'),(1305,'Color','','Color escrito'),(1306,'Precio','890','En moneda local'),(1307,'Medida','50','null'),(1308,'Tarjeta','15','En porcentaje'),(1309,'CreditoP','10','En porcentaje'),(1310,'Color','','Color escrito'),(1311,'Precio','890','En moneda local'),(1312,'Medida','52','null'),(1313,'Tarjeta','15','En porcentaje'),(1314,'CreditoP','10','En porcentaje'),(1315,'Color','','Color escrito'),(1316,'Precio','850','En moneda local'),(1317,'Medida','38','null'),(1318,'Tarjeta','15','En porcentaje'),(1319,'CreditoP','10','En porcentaje'),(1320,'Color','','Color escrito'),(1321,'Precio','850','En moneda local'),(1322,'Medida','40','null'),(1323,'Tarjeta','15','En porcentaje'),(1324,'CreditoP','10','En porcentaje'),(1325,'Color','','Color escrito'),(1326,'Precio','850','En moneda local'),(1327,'Medida','42','null'),(1328,'Tarjeta','15','En porcentaje'),(1329,'CreditoP','10','En porcentaje'),(1330,'Color','','Color escrito'),(1331,'Precio','850','En moneda local'),(1332,'Medida','44','null'),(1333,'Tarjeta','15','En porcentaje'),(1334,'CreditoP','10','En porcentaje'),(1335,'Color','','Color escrito'),(1336,'Precio','850','En moneda local'),(1337,'Medida','46','null'),(1338,'Tarjeta','15','En porcentaje'),(1339,'CreditoP','10','En porcentaje'),(1340,'Color','','Color escrito'),(1341,'Precio','850','En moneda local'),(1342,'Medida','48','null'),(1343,'Tarjeta','15','En porcentaje'),(1344,'CreditoP','10','En porcentaje'),(1345,'Color','','Color escrito'),(1346,'Precio','850','En moneda local'),(1347,'Medida','38','null'),(1348,'Tarjeta','15','En porcentaje'),(1349,'CreditoP','10','En porcentaje'),(1350,'Color','','Color escrito'),(1351,'Precio','850','En moneda local'),(1352,'Medida','40','null'),(1353,'Tarjeta','15','En porcentaje'),(1354,'CreditoP','10','En porcentaje'),(1355,'Color','','Color escrito'),(1356,'Precio','850','En moneda local'),(1357,'Medida','42','null'),(1358,'Tarjeta','15','En porcentaje'),(1359,'CreditoP','10','En porcentaje'),(1360,'Color','','Color escrito'),(1361,'Precio','850','En moneda local'),(1362,'Medida','44','null'),(1363,'Tarjeta','15','En porcentaje'),(1364,'CreditoP','10','En porcentaje'),(1365,'Color','','Color escrito'),(1366,'Precio','850','En moneda local'),(1367,'Medida','46','null'),(1368,'Tarjeta','15','En porcentaje'),(1369,'CreditoP','10','En porcentaje'),(1370,'Color','','Color escrito'),(1371,'Precio','390','En moneda local'),(1372,'Medida','S','null'),(1373,'Tarjeta','15','En porcentaje'),(1374,'CreditoP','10','En porcentaje'),(1375,'Color','','Color escrito'),(1376,'Precio','390','En moneda local'),(1377,'Medida','S','null'),(1378,'Tarjeta','15','En porcentaje'),(1379,'CreditoP','10','En porcentaje'),(1380,'Color','','Color escrito'),(1381,'Precio','390','En moneda local'),(1382,'Medida','M','null'),(1383,'Tarjeta','15','En porcentaje'),(1384,'CreditoP','10','En porcentaje'),(1385,'Color','','Color escrito'),(1386,'Precio','390','En moneda local'),(1387,'Medida','L','null'),(1388,'Tarjeta','15','En porcentaje'),(1389,'CreditoP','10','En porcentaje'),(1390,'Color','','Color escrito'),(1391,'Precio','390','En moneda local'),(1392,'Medida','Xl','null'),(1393,'Tarjeta','15','En porcentaje'),(1394,'CreditoP','10','En porcentaje'),(1395,'Color','','Color escrito'),(1396,'Precio','390','En moneda local'),(1397,'Medida','Xxl','null'),(1398,'Tarjeta','15','En porcentaje'),(1399,'CreditoP','10','En porcentaje'),(1400,'Color','','Color escrito'),(1401,'Precio','590','En moneda local'),(1402,'Medida','M','null'),(1403,'Tarjeta','15','En porcentaje'),(1404,'CreditoP','10','En porcentaje'),(1405,'Color','','Color escrito'),(1406,'Precio','590','En moneda local'),(1407,'Medida','L','null'),(1408,'Tarjeta','15','En porcentaje'),(1409,'CreditoP','10','En porcentaje'),(1410,'Color','','Color escrito'),(1411,'Precio','590','En moneda local'),(1412,'Medida','Xl','null'),(1413,'Tarjeta','15','En porcentaje'),(1414,'CreditoP','10','En porcentaje'),(1415,'Color','','Color escrito'),(1416,'Precio','590','En moneda local'),(1417,'Medida','Xxl','null'),(1418,'Tarjeta','15','En porcentaje'),(1419,'CreditoP','10','En porcentaje'),(1420,'Color','','Color escrito'),(1421,'Precio','590','En moneda local'),(1422,'Medida','S','null'),(1423,'Tarjeta','15','En porcentaje'),(1424,'CreditoP','10','En porcentaje'),(1425,'Color','','Color escrito'),(1426,'Precio','590','En moneda local'),(1427,'Medida','M','null'),(1428,'Tarjeta','15','En porcentaje'),(1429,'CreditoP','10','En porcentaje'),(1430,'Color','','Color escrito'),(1431,'Precio','590','En moneda local'),(1432,'Medida','L','null'),(1433,'Tarjeta','15','En porcentaje'),(1434,'CreditoP','10','En porcentaje'),(1435,'Color','','Color escrito'),(1436,'Precio','590','En moneda local'),(1437,'Medida','Xl','null'),(1438,'Tarjeta','15','En porcentaje'),(1439,'CreditoP','10','En porcentaje'),(1440,'Color','','Color escrito'),(1441,'Precio','590','En moneda local'),(1442,'Medida','Xxl','null'),(1443,'Tarjeta','15','En porcentaje'),(1444,'CreditoP','10','En porcentaje'),(1445,'Color','','Color escrito'),(1446,'Precio','590','En moneda local'),(1447,'Medida','S','null'),(1448,'Tarjeta','15','En porcentaje'),(1449,'CreditoP','10','En porcentaje'),(1450,'Color','','Color escrito'),(1451,'Precio','590','En moneda local'),(1452,'Medida','L','null'),(1453,'Tarjeta','15','En porcentaje'),(1454,'CreditoP','10','En porcentaje'),(1455,'Color','','Color escrito'),(1456,'Precio','590','En moneda local'),(1457,'Medida','Xl','null'),(1458,'Tarjeta','15','En porcentaje'),(1459,'CreditoP','10','En porcentaje'),(1460,'Color','','Color escrito'),(1461,'Precio','590','En moneda local'),(1462,'Medida','Xxl','null'),(1463,'Tarjeta','15','En porcentaje'),(1464,'CreditoP','10','En porcentaje'),(1465,'Color','','Color escrito'),(1466,'Precio','590','En moneda local'),(1467,'Medida','38','null'),(1468,'Tarjeta','15','En porcentaje'),(1469,'CreditoP','10','En porcentaje'),(1470,'Color','','Color escrito'),(1471,'Precio','590','En moneda local'),(1472,'Medida','40','null'),(1473,'Tarjeta','15','En porcentaje'),(1474,'CreditoP','10','En porcentaje'),(1475,'Color','','Color escrito'),(1476,'Precio','590','En moneda local'),(1477,'Medida','42','null'),(1478,'Tarjeta','15','En porcentaje'),(1479,'CreditoP','10','En porcentaje'),(1480,'Color','','Color escrito'),(1481,'Precio','590','En moneda local'),(1482,'Medida','44','null'),(1483,'Tarjeta','15','En porcentaje'),(1484,'CreditoP','10','En porcentaje'),(1485,'Color','','Color escrito'),(1486,'Precio','590','En moneda local'),(1487,'Medida','46','null'),(1488,'Tarjeta','15','En porcentaje'),(1489,'CreditoP','10','En porcentaje'),(1490,'Color','','Color escrito'),(1491,'Precio','590','En moneda local'),(1492,'Medida','48','null'),(1493,'Tarjeta','15','En porcentaje'),(1494,'CreditoP','10','En porcentaje'),(1495,'Color','','Color escrito'),(1496,'Precio','590','En moneda local'),(1497,'Medida','50','null'),(1498,'Tarjeta','15','En porcentaje'),(1499,'CreditoP','10','En porcentaje'),(1500,'Color','','Color escrito'),(1501,'Precio','590','En moneda local'),(1502,'Medida','52','null'),(1503,'Tarjeta','15','En porcentaje'),(1504,'CreditoP','10','En porcentaje'),(1505,'Color','','Color escrito'),(1506,'Precio','790','En moneda local'),(1507,'Medida','S','null'),(1508,'Tarjeta','15','En porcentaje'),(1509,'CreditoP','10','En porcentaje'),(1510,'Color','','Color escrito'),(1511,'Precio','790','En moneda local'),(1512,'Medida','M','null'),(1513,'Tarjeta','15','En porcentaje'),(1514,'CreditoP','10','En porcentaje'),(1515,'Color','','Color escrito'),(1516,'Precio','590','En moneda local'),(1517,'Medida','L','null'),(1518,'Tarjeta','15','En porcentaje'),(1519,'CreditoP','10','En porcentaje'),(1520,'Color','','Color escrito'),(1521,'Precio','790','En moneda local'),(1522,'Medida','Xl','null'),(1523,'Tarjeta','15','En porcentaje'),(1524,'CreditoP','10','En porcentaje'),(1525,'Color','','Color escrito'),(1526,'Precio','790','En moneda local'),(1527,'Medida','Xxl','null'),(1528,'Tarjeta','15','En porcentaje'),(1529,'CreditoP','10','En porcentaje'),(1530,'Color','','Color escrito'),(1531,'Precio','590','En moneda local'),(1532,'Medida','M','null'),(1533,'Tarjeta','15','En porcentaje'),(1534,'CreditoP','10','En porcentaje'),(1535,'Color','','Color escrito'),(1536,'Precio','590','En moneda local'),(1537,'Medida','L','null'),(1538,'Tarjeta','15','En porcentaje'),(1539,'CreditoP','10','En porcentaje'),(1540,'Color','','Color escrito'),(1541,'Precio','790','En moneda local'),(1542,'Medida','Xl','null'),(1543,'Tarjeta','15','En porcentaje'),(1544,'CreditoP','10','En porcentaje'),(1545,'Color','','Color escrito'),(1546,'Precio','790','En moneda local'),(1547,'Medida','S','null'),(1548,'Tarjeta','15','En porcentaje'),(1549,'CreditoP','10','En porcentaje'),(1550,'Color','','Color escrito'),(1551,'Precio','790','En moneda local'),(1552,'Medida','M','null'),(1553,'Tarjeta','15','En porcentaje'),(1554,'CreditoP','10','En porcentaje'),(1555,'Color','','Color escrito'),(1556,'Precio','790','En moneda local'),(1557,'Medida','L','null'),(1558,'Tarjeta','15','En porcentaje'),(1559,'CreditoP','10','En porcentaje'),(1560,'Color','','Color escrito'),(1561,'Precio','790','En moneda local'),(1562,'Medida','Xl','null'),(1563,'Tarjeta','15','En porcentaje'),(1564,'CreditoP','10','En porcentaje'),(1565,'Color','','Color escrito'),(1566,'Precio','790','En moneda local'),(1567,'Medida','Xxl','null'),(1568,'Tarjeta','15','En porcentaje'),(1569,'CreditoP','10','En porcentaje'),(1570,'Color','','Color escrito'),(1571,'Precio','850','En moneda local'),(1572,'Medida','S','null'),(1573,'Tarjeta','15','En porcentaje'),(1574,'CreditoP','10','En porcentaje'),(1575,'Color','','Color escrito'),(1576,'Precio','850','En moneda local'),(1577,'Medida','M','null'),(1578,'Tarjeta','15','En porcentaje'),(1579,'CreditoP','10','En porcentaje'),(1580,'Color','','Color escrito'),(1581,'Precio','850','En moneda local'),(1582,'Medida','L','null'),(1583,'Tarjeta','15','En porcentaje'),(1584,'CreditoP','10','En porcentaje'),(1585,'Color','','Color escrito'),(1586,'Precio','850','En moneda local'),(1587,'Medida','Xl','null'),(1588,'Tarjeta','15','En porcentaje'),(1589,'CreditoP','10','En porcentaje'),(1590,'Color','','Color escrito'),(1591,'Precio','890','En moneda local'),(1592,'Medida','S','null'),(1593,'Tarjeta','15','En porcentaje'),(1594,'CreditoP','10','En porcentaje'),(1595,'Color','','Color escrito'),(1596,'Precio','890','En moneda local'),(1597,'Medida','M','null'),(1598,'Tarjeta','15','En porcentaje'),(1599,'CreditoP','10','En porcentaje'),(1600,'Color','','Color escrito'),(1601,'Precio','850','En moneda local'),(1602,'Medida','L','null'),(1603,'Tarjeta','15','En porcentaje'),(1604,'CreditoP','10','En porcentaje'),(1605,'Color','','Color escrito'),(1606,'Precio','890','En moneda local'),(1607,'Medida','Xl','null'),(1608,'Tarjeta','15','En porcentaje'),(1609,'CreditoP','10','En porcentaje'),(1610,'Color','','Color escrito'),(1611,'Precio','790','En moneda local'),(1612,'Medida','S','null'),(1613,'Tarjeta','15','En porcentaje'),(1614,'CreditoP','10','En porcentaje'),(1615,'Color','','Color escrito'),(1616,'Precio','790','En moneda local'),(1617,'Medida','L','null'),(1618,'Tarjeta','15','En porcentaje'),(1619,'CreditoP','10','En porcentaje'),(1620,'Color','','Color escrito'),(1621,'Precio','890','En moneda local'),(1622,'Medida','S','null'),(1623,'Tarjeta','15','En porcentaje'),(1624,'CreditoP','10','En porcentaje'),(1625,'Color','','Color escrito'),(1626,'Precio','890','En moneda local'),(1627,'Medida','M','null'),(1628,'Tarjeta','15','En porcentaje'),(1629,'CreditoP','10','En porcentaje'),(1630,'Color','','Color escrito'),(1631,'Precio','890','En moneda local'),(1632,'Medida','L','null'),(1633,'Tarjeta','15','En porcentaje'),(1634,'CreditoP','10','En porcentaje'),(1635,'Color','','Color escrito'),(1636,'Precio','890','En moneda local'),(1637,'Medida','Xl','null'),(1638,'Tarjeta','15','En porcentaje'),(1639,'CreditoP','10','En porcentaje'),(1640,'Color','','Color escrito'),(1641,'Precio','890','En moneda local'),(1642,'Medida','Xxl','null'),(1643,'Tarjeta','15','En porcentaje'),(1644,'CreditoP','10','En porcentaje'),(1645,'Color','','Color escrito'),(1646,'Precio','750','En moneda local'),(1647,'Medida','L','null'),(1648,'Tarjeta','15','En porcentaje'),(1649,'CreditoP','10','En porcentaje'),(1650,'Color','','Color escrito'),(1651,'Precio','750','En moneda local'),(1652,'Medida','Xl','null'),(1653,'Tarjeta','15','En porcentaje'),(1654,'CreditoP','10','En porcentaje'),(1655,'Color','','Color escrito'),(1656,'Precio','750','En moneda local'),(1657,'Medida','Xxl','null'),(1658,'Tarjeta','15','En porcentaje'),(1659,'CreditoP','10','En porcentaje'),(1660,'Color','','Color escrito'),(1661,'Precio','890','En moneda local'),(1662,'Medida','M','null'),(1663,'Tarjeta','15','En porcentaje'),(1664,'CreditoP','10','En porcentaje'),(1665,'Color','','Color escrito'),(1666,'Precio','890','En moneda local'),(1667,'Medida','L','null'),(1668,'Tarjeta','15','En porcentaje'),(1669,'CreditoP','10','En porcentaje'),(1670,'Color','','Color escrito'),(1671,'Precio','790','En moneda local'),(1672,'Medida','M','null'),(1673,'Tarjeta','15','En porcentaje'),(1674,'CreditoP','10','En porcentaje'),(1675,'Color','','Color escrito'),(1676,'Precio','790','En moneda local'),(1677,'Medida','L','null'),(1678,'Tarjeta','15','En porcentaje'),(1679,'CreditoP','10','En porcentaje'),(1680,'Color','','Color escrito'),(1681,'Precio','790','En moneda local'),(1682,'Medida','Xl','null'),(1683,'Tarjeta','15','En porcentaje'),(1684,'CreditoP','10','En porcentaje'),(1685,'Color','','Color escrito'),(1686,'Precio','790','En moneda local'),(1687,'Medida','Xxl','null'),(1688,'Tarjeta','15','En porcentaje'),(1689,'CreditoP','10','En porcentaje'),(1690,'Color','','Color escrito'),(1691,'Precio','790','En moneda local'),(1692,'Medida','L','null'),(1693,'Tarjeta','15','En porcentaje'),(1694,'CreditoP','10','En porcentaje'),(1695,'Color','','Color escrito'),(1696,'Precio','790','En moneda local'),(1697,'Medida','Xl','null'),(1698,'Tarjeta','15','En porcentaje'),(1699,'CreditoP','10','En porcentaje'),(1700,'Color','','Color escrito'),(1701,'Precio','790','En moneda local'),(1702,'Medida','Xxl','null'),(1703,'Tarjeta','15','En porcentaje'),(1704,'CreditoP','10','En porcentaje'),(1705,'Color','','Color escrito'),(1706,'Precio','790','En moneda local'),(1707,'Medida','M','null'),(1708,'Tarjeta','15','En porcentaje'),(1709,'CreditoP','10','En porcentaje'),(1710,'Color','','Color escrito'),(1711,'Precio','790','En moneda local'),(1712,'Medida','L','null'),(1713,'Tarjeta','15','En porcentaje'),(1714,'CreditoP','10','En porcentaje'),(1715,'Color','','Color escrito'),(1716,'Precio','790','En moneda local'),(1717,'Medida','Xl','null'),(1718,'Tarjeta','15','En porcentaje'),(1719,'CreditoP','10','En porcentaje'),(1720,'Color','','Color escrito'),(1721,'Precio','790','En moneda local'),(1722,'Medida','Xxl','null'),(1723,'Tarjeta','15','En porcentaje'),(1724,'CreditoP','10','En porcentaje'),(1725,'Color','','Color escrito'),(1726,'Precio','690','En moneda local'),(1727,'Medida','M','null'),(1728,'Tarjeta','15','En porcentaje'),(1729,'CreditoP','10','En porcentaje'),(1730,'Color','','Color escrito'),(1731,'Precio','690','En moneda local'),(1732,'Medida','Xl','null'),(1733,'Tarjeta','15','En porcentaje'),(1734,'CreditoP','10','En porcentaje'),(1735,'Color','','Color escrito'),(1736,'Precio','890','En moneda local'),(1737,'Medida','S','null'),(1738,'Tarjeta','15','En porcentaje'),(1739,'CreditoP','10','En porcentaje'),(1740,'Color','','Color escrito'),(1741,'Precio','890','En moneda local'),(1742,'Medida','L','null'),(1743,'Tarjeta','15','En porcentaje'),(1744,'CreditoP','10','En porcentaje'),(1745,'Color','','Color escrito'),(1746,'Precio','890','En moneda local'),(1747,'Medida','M','null'),(1748,'Tarjeta','15','En porcentaje'),(1749,'CreditoP','10','En porcentaje'),(1750,'Color','','Color escrito'),(1751,'Precio','700','En moneda local'),(1752,'Medida','S','null'),(1753,'Tarjeta','15','En porcentaje'),(1754,'CreditoP','10','En porcentaje'),(1755,'Color','','Color escrito'),(1756,'Precio','700','En moneda local'),(1757,'Medida','L','null'),(1758,'Tarjeta','15','En porcentaje'),(1759,'CreditoP','10','En porcentaje'),(1760,'Color','','Color escrito'),(1761,'Precio','1490','En moneda local'),(1762,'Medida','M','null'),(1763,'Tarjeta','15','En porcentaje'),(1764,'CreditoP','10','En porcentaje'),(1765,'Color','','Color escrito'),(1766,'Precio','1490','En moneda local'),(1767,'Medida','L','null'),(1768,'Tarjeta','15','En porcentaje'),(1769,'CreditoP','10','En porcentaje'),(1770,'Color','','Color escrito'),(1771,'Precio','1490','En moneda local'),(1772,'Medida','Xl','null'),(1773,'Tarjeta','15','En porcentaje'),(1774,'CreditoP','10','En porcentaje'),(1775,'Color','','Color escrito'),(1776,'Precio','1490','En moneda local'),(1777,'Medida','Xxl','null'),(1778,'Tarjeta','15','En porcentaje'),(1779,'CreditoP','10','En porcentaje'),(1780,'Color','','Color escrito'),(1781,'Precio','1490','En moneda local'),(1782,'Medida','L','null'),(1783,'Tarjeta','15','En porcentaje'),(1784,'CreditoP','10','En porcentaje'),(1785,'Color','','Color escrito'),(1786,'Precio','1490','En moneda local'),(1787,'Medida','Xl','null'),(1788,'Tarjeta','15','En porcentaje'),(1789,'CreditoP','10','En porcentaje'),(1790,'Color','','Color escrito'),(1791,'Precio','1990','En moneda local'),(1792,'Medida','L','null'),(1793,'Tarjeta','15','En porcentaje'),(1794,'CreditoP','10','En porcentaje'),(1795,'Color','','Color escrito'),(1796,'Precio','1490','En moneda local'),(1797,'Medida','M','null'),(1798,'Tarjeta','15','En porcentaje'),(1799,'CreditoP','10','En porcentaje'),(1800,'Color','','Color escrito'),(1801,'Precio','280','En moneda local'),(1802,'Medida','S','null'),(1803,'Tarjeta','15','En porcentaje'),(1804,'CreditoP','10','En porcentaje'),(1805,'Color','','Color escrito'),(1806,'Precio','280','En moneda local'),(1807,'Medida','M','null'),(1808,'Tarjeta','15','En porcentaje'),(1809,'CreditoP','10','En porcentaje'),(1810,'Color','','Color escrito'),(1811,'Precio','280','En moneda local'),(1812,'Medida','L','null'),(1813,'Tarjeta','15','En porcentaje'),(1814,'CreditoP','10','En porcentaje'),(1815,'Color','','Color escrito'),(1816,'Precio','280','En moneda local'),(1817,'Medida','Xl','null'),(1818,'Tarjeta','15','En porcentaje'),(1819,'CreditoP','10','En porcentaje'),(1820,'Color','','Color escrito'),(1821,'Precio','590','En moneda local'),(1822,'Medida','36','null'),(1823,'Tarjeta','15','En porcentaje'),(1824,'CreditoP','10','En porcentaje'),(1825,'Color','','Color escrito'),(1826,'Precio','590','En moneda local'),(1827,'Medida','38','null'),(1828,'Tarjeta','15','En porcentaje'),(1829,'CreditoP','10','En porcentaje'),(1830,'Color','','Color escrito'),(1831,'Precio','590','En moneda local'),(1832,'Medida','40','null'),(1833,'Tarjeta','15','En porcentaje'),(1834,'CreditoP','10','En porcentaje'),(1835,'Color','','Color escrito'),(1836,'Precio','590','En moneda local'),(1837,'Medida','42','null'),(1838,'Tarjeta','15','En porcentaje'),(1839,'CreditoP','10','En porcentaje'),(1840,'Color','','Color escrito'),(1841,'Precio','590','En moneda local'),(1842,'Medida','44','null'),(1843,'Tarjeta','15','En porcentaje'),(1844,'CreditoP','10','En porcentaje'),(1845,'Color','','Color escrito'),(1846,'Precio','590','En moneda local'),(1847,'Medida','46','null'),(1848,'Tarjeta','15','En porcentaje'),(1849,'CreditoP','10','En porcentaje'),(1850,'Color','','Color escrito'),(1851,'Precio','450','En moneda local'),(1852,'Medida','36','null'),(1853,'Tarjeta','15','En porcentaje'),(1854,'CreditoP','10','En porcentaje'),(1855,'Color','','Color escrito'),(1856,'Precio','450','En moneda local'),(1857,'Medida','38','null'),(1858,'Tarjeta','15','En porcentaje'),(1859,'CreditoP','10','En porcentaje'),(1860,'Color','','Color escrito'),(1861,'Precio','450','En moneda local'),(1862,'Medida','40','null'),(1863,'Tarjeta','15','En porcentaje'),(1864,'CreditoP','10','En porcentaje'),(1865,'Color','','Color escrito'),(1866,'Precio','450','En moneda local'),(1867,'Medida','44','null'),(1868,'Tarjeta','15','En porcentaje'),(1869,'CreditoP','10','En porcentaje'),(1870,'Color','','Color escrito'),(1871,'Precio','450','En moneda local'),(1872,'Medida','46','null'),(1873,'Tarjeta','15','En porcentaje'),(1874,'CreditoP','10','En porcentaje'),(1875,'Color','','Color escrito'),(1876,'Precio','380','En moneda local'),(1877,'Medida','S','null'),(1878,'Tarjeta','15','En porcentaje'),(1879,'CreditoP','10','En porcentaje'),(1880,'Color','','Color escrito'),(1881,'Precio','380','En moneda local'),(1882,'Medida','L','null'),(1883,'Tarjeta','15','En porcentaje'),(1884,'CreditoP','10','En porcentaje'),(1885,'Color','','Color escrito'),(1886,'Precio','300','En moneda local'),(1887,'Medida','S','null'),(1888,'Tarjeta','15','En porcentaje'),(1889,'CreditoP','10','En porcentaje'),(1890,'Color','','Color escrito'),(1891,'Precio','390','En moneda local'),(1892,'Medida','S','null'),(1893,'Tarjeta','15','En porcentaje'),(1894,'CreditoP','10','En porcentaje'),(1895,'Color','','Color escrito'),(1896,'Precio','390','En moneda local'),(1897,'Medida','M','null'),(1898,'Tarjeta','15','En porcentaje'),(1899,'CreditoP','10','En porcentaje'),(1900,'Color','','Color escrito'),(1901,'Precio','390','En moneda local'),(1902,'Medida','L','null'),(1903,'Tarjeta','15','En porcentaje'),(1904,'CreditoP','10','En porcentaje'),(1905,'Color','','Color escrito'),(1906,'Precio','390','En moneda local'),(1907,'Medida','Xl','null'),(1908,'Tarjeta','15','En porcentaje'),(1909,'CreditoP','10','En porcentaje'),(1910,'Color','','Color escrito'),(1911,'Precio','390','En moneda local'),(1912,'Medida','Xxl','null'),(1913,'Tarjeta','15','En porcentaje'),(1914,'CreditoP','10','En porcentaje'),(1915,'Color','','Color escrito'),(1916,'Precio','590','En moneda local'),(1917,'Medida','M','null'),(1918,'Tarjeta','15','En porcentaje'),(1919,'CreditoP','10','En porcentaje'),(1920,'Color','','Color escrito'),(1921,'Precio','590','En moneda local'),(1922,'Medida','L','null'),(1923,'Tarjeta','15','En porcentaje'),(1924,'CreditoP','10','En porcentaje'),(1925,'Color','','Color escrito'),(1926,'Precio','380','En moneda local'),(1927,'Medida','S','null'),(1928,'Tarjeta','15','En porcentaje'),(1929,'CreditoP','10','En porcentaje'),(1930,'Color','','Color escrito'),(1931,'Precio','380','En moneda local'),(1932,'Medida','M','null'),(1933,'Tarjeta','15','En porcentaje'),(1934,'CreditoP','10','En porcentaje'),(1935,'Color','','Color escrito'),(1936,'Precio','380','En moneda local'),(1937,'Medida','Unica ','null'),(1938,'Tarjeta','15','En porcentaje'),(1939,'CreditoP','10','En porcentaje'),(1940,'Color','','Color escrito'),(1941,'Precio','490','En moneda local'),(1942,'Medida','Unicos ','null'),(1943,'Tarjeta','15','En porcentaje'),(1944,'CreditoP','10','En porcentaje'),(1945,'Color','','Color escrito'),(1946,'Precio','1790','En moneda local'),(1947,'Medida','Xl','null'),(1948,'Tarjeta','15','En porcentaje'),(1949,'CreditoP','10','En porcentaje'),(1950,'Color','','Color escrito'),(1951,'Precio','790','En moneda local'),(1952,'Medida','Unico ','null'),(1953,'Tarjeta','15','En porcentaje'),(1954,'CreditoP','10','En porcentaje'),(1955,'Color','','Color escrito'),(1956,'Precio','290','En moneda local'),(1957,'Medida','Unica','null'),(1958,'Tarjeta','15','En porcentaje'),(1959,'CreditoP','10','En porcentaje'),(1960,'Color','','Color escrito'),(1961,'Precio','250','En moneda local'),(1962,'Medida','Unico','null'),(1963,'Tarjeta','15','En porcentaje'),(1964,'CreditoP','10','En porcentaje'),(1965,'Color','','Color escrito'),(1966,'Precio','200','En moneda local'),(1967,'Medida','Unicos ','null'),(1968,'Tarjeta','15','En porcentaje'),(1969,'CreditoP','10','En porcentaje'),(1970,'Color','','Color escrito'),(1971,'Precio','200','En moneda local'),(1972,'Medida','Unica ','null'),(1973,'Tarjeta','15','En porcentaje'),(1974,'CreditoP','10','En porcentaje'),(1975,'Color','','Color escrito'),(1976,'Precio','50','En moneda local'),(1977,'Medida','Unica ','null'),(1978,'Tarjeta','15','En porcentaje'),(1979,'CreditoP','10','En porcentaje'),(1980,'Color','','Color escrito'),(1981,'Precio','280','En moneda local'),(1982,'Medida','Unica','null'),(1983,'Tarjeta','15','En porcentaje'),(1984,'CreditoP','10','En porcentaje'),(1985,'Color','','Color escrito'),(1986,'Precio','180','En moneda local'),(1987,'Medida','Unica ','null'),(1988,'Tarjeta','15','En porcentaje'),(1989,'CreditoP','10','En porcentaje'),(1990,'Color','','Color escrito'),(1991,'Precio','280','En moneda local'),(1992,'Medida','Unicos ','null'),(1993,'Tarjeta','15','En porcentaje'),(1994,'CreditoP','10','En porcentaje'),(1995,'Color','','Color escrito'),(1996,'Precio','380','En moneda local'),(1997,'Medida','Unicos ','null'),(1998,'Tarjeta','15','En porcentaje'),(1999,'CreditoP','10','En porcentaje'),(2000,'Color','','Color escrito'),(2001,'Precio','390','En moneda local'),(2002,'Medida','Unica ','null'),(2003,'Tarjeta','15','En porcentaje'),(2004,'CreditoP','10','En porcentaje'),(2005,'Color','','Color escrito'),(2006,'Precio','700','En moneda local'),(2007,'Medida','M','null'),(2008,'Tarjeta','15','En porcentaje'),(2009,'CreditoP','10','En porcentaje'),(2010,'Color','','Color escrito'),(2011,'Precio','700','En moneda local'),(2012,'Medida','L','null'),(2013,'Tarjeta','15','En porcentaje'),(2014,'CreditoP','10','En porcentaje'),(2015,'Color','','Color escrito'),(2016,'Precio','700','En moneda local'),(2017,'Medida','Xl','null'),(2018,'Tarjeta','15','En porcentaje'),(2019,'CreditoP','10','En porcentaje'),(2020,'Color','','Color escrito'),(2021,'Precio','590','En moneda local'),(2022,'Medida','S','null'),(2023,'Tarjeta','15','En porcentaje'),(2024,'CreditoP','10','En porcentaje'),(2025,'Color','','Color escrito'),(2026,'Precio','590','En moneda local'),(2027,'Medida','M','null'),(2028,'Tarjeta','15','En porcentaje'),(2029,'CreditoP','10','En porcentaje'),(2030,'Color','','Color escrito'),(2031,'Precio','590','En moneda local'),(2032,'Medida','L','null'),(2033,'Tarjeta','15','En porcentaje'),(2034,'CreditoP','10','En porcentaje'),(2035,'Color','','Color escrito'),(2036,'Precio','590','En moneda local'),(2037,'Medida','Xl','null'),(2038,'Tarjeta','15','En porcentaje'),(2039,'CreditoP','10','En porcentaje'),(2040,'Color','','Color escrito'),(2041,'Precio','590','En moneda local'),(2042,'Medida','M','null'),(2043,'Tarjeta','15','En porcentaje'),(2044,'CreditoP','10','En porcentaje'),(2045,'Color','','Color escrito'),(2046,'Precio','590','En moneda local'),(2047,'Medida','48','null'),(2048,'Tarjeta','15','En porcentaje'),(2049,'CreditoP','10','En porcentaje'),(2050,'Color','','Color escrito'),(2051,'Precio','390','En moneda local'),(2052,'Medida','42','null'),(2053,'Tarjeta','15','En porcentaje'),(2054,'CreditoP','10','En porcentaje'),(2055,'Color','','Color escrito'),(2056,'Precio','790','En moneda local'),(2057,'Medida','Xxxl','null'),(2058,'Tarjeta','15','En porcentaje'),(2059,'CreditoP','10','En porcentaje'),(2060,'Color','','Color escrito'),(2061,'Precio','790','En moneda local'),(2062,'Medida','Xxxxl','null'),(2063,'Tarjeta','15','En porcentaje'),(2064,'CreditoP','10','En porcentaje'),(2065,'Color','','Color escrito'),(2066,'Precio','790','En moneda local'),(2067,'Medida','Xs','null'),(2068,'Tarjeta','15','En porcentaje'),(2069,'CreditoP','10','En porcentaje'),(2070,'Color','','Color escrito'),(2071,'Precio','850','En moneda local'),(2072,'Medida','M','null'),(2073,'Tarjeta','15','En porcentaje'),(2074,'CreditoP','10','En porcentaje'),(2075,'Color','','Color escrito'),(2076,'Precio','850','En moneda local'),(2077,'Medida','L','null'),(2078,'Tarjeta','15','En porcentaje'),(2079,'CreditoP','10','En porcentaje'),(2080,'Color','','Color escrito'),(2081,'Precio','850','En moneda local'),(2082,'Medida','Xl','null'),(2083,'Tarjeta','15','En porcentaje'),(2084,'CreditoP','10','En porcentaje'),(2085,'Color','','Color escrito'),(2086,'Precio','1540','En moneda local'),(2087,'Medida','36','null'),(2088,'Tarjeta','15','En porcentaje'),(2089,'CreditoP','10','En porcentaje'),(2090,'Color','','Color escrito'),(2091,'Precio','1540','En moneda local'),(2092,'Medida','37','null'),(2093,'Tarjeta','15','En porcentaje'),(2094,'CreditoP','10','En porcentaje'),(2095,'Color','','Color escrito'),(2096,'Precio','1490','En moneda local'),(2097,'Medida','36','null'),(2098,'Tarjeta','15','En porcentaje'),(2099,'CreditoP','10','En porcentaje'),(2100,'Color','','Color escrito'),(2101,'Precio','1490','En moneda local'),(2102,'Medida','41','null'),(2103,'Tarjeta','15','En porcentaje'),(2104,'CreditoP','10','En porcentaje'),(2105,'Color','','Color escrito'),(2106,'Precio','1690','En moneda local'),(2107,'Medida','40','null'),(2108,'Tarjeta','15','En porcentaje'),(2109,'CreditoP','10','En porcentaje'),(2110,'Color','','Color escrito'),(2111,'Precio','1690','En moneda local'),(2112,'Medida','37','null'),(2113,'Tarjeta','15','En porcentaje'),(2114,'CreditoP','10','En porcentaje'),(2115,'Color','','Color escrito'),(2116,'Precio','1690','En moneda local'),(2117,'Medida','38','null'),(2118,'Tarjeta','15','En porcentaje'),(2119,'CreditoP','10','En porcentaje'),(2120,'Color','','Color escrito'),(2121,'Precio','990','En moneda local'),(2122,'Medida','42','null'),(2123,'Tarjeta','15','En porcentaje'),(2124,'CreditoP','10','En porcentaje'),(2125,'Color','','Color escrito'),(2126,'Precio','990','En moneda local'),(2127,'Medida','43','null'),(2128,'Tarjeta','15','En porcentaje'),(2129,'CreditoP','10','En porcentaje'),(2130,'Color','','Color escrito'),(2131,'Precio','1690','En moneda local'),(2132,'Medida','42','null'),(2133,'Tarjeta','15','En porcentaje'),(2134,'CreditoP','10','En porcentaje'),(2135,'Color','','Color escrito'),(2136,'Precio','1490','En moneda local'),(2137,'Medida','43','null'),(2138,'Tarjeta','15','En porcentaje'),(2139,'CreditoP','10','En porcentaje'),(2140,'Color','','Color escrito'),(2141,'Precio','990','En moneda local'),(2142,'Medida','42','null'),(2143,'Tarjeta','15','En porcentaje'),(2144,'CreditoP','10','En porcentaje'),(2145,'Color','','Color escrito'),(2146,'Precio','990','En moneda local'),(2147,'Medida','42','null'),(2148,'Tarjeta','15','En porcentaje'),(2149,'CreditoP','10','En porcentaje'),(2150,'Color','','Color escrito'),(2151,'Precio','990','En moneda local'),(2152,'Medida','41','null'),(2153,'Tarjeta','15','En porcentaje'),(2154,'CreditoP','10','En porcentaje'),(2155,'Color','','Color escrito'),(2156,'Precio','990','En moneda local'),(2157,'Medida','42','null'),(2158,'Tarjeta','15','En porcentaje'),(2159,'CreditoP','10','En porcentaje'),(2160,'Color','','Color escrito'),(2161,'Precio','990','En moneda local'),(2162,'Medida','42','null'),(2163,'Tarjeta','15','En porcentaje'),(2164,'CreditoP','10','En porcentaje'),(2165,'Color','','Color escrito'),(2166,'Precio','990','En moneda local'),(2167,'Medida','41','null'),(2168,'Tarjeta','15','En porcentaje'),(2169,'CreditoP','10','En porcentaje'),(2170,'Color','','Color escrito'),(2171,'Precio','990','En moneda local'),(2172,'Medida','34','null'),(2173,'Tarjeta','15','En porcentaje'),(2174,'CreditoP','10','En porcentaje'),(2175,'Color','','Color escrito'),(2176,'Precio','800','En moneda local'),(2177,'Medida','41','null'),(2178,'Tarjeta','15','En porcentaje'),(2179,'CreditoP','10','En porcentaje'),(2180,'Color','','Color escrito'),(2181,'Precio','800','En moneda local'),(2182,'Medida','42','null'),(2183,'Tarjeta','15','En porcentaje'),(2184,'CreditoP','10','En porcentaje'),(2185,'Color','','Color escrito'),(2186,'Precio','800','En moneda local'),(2187,'Medida','40','null'),(2188,'Tarjeta','15','En porcentaje'),(2189,'CreditoP','10','En porcentaje'),(2190,'Color','','Color escrito'),(2191,'Precio','800','En moneda local'),(2192,'Medida','43','null'),(2193,'Tarjeta','15','En porcentaje'),(2194,'CreditoP','10','En porcentaje'),(2195,'Color','','Color escrito'),(2196,'Precio','990','En moneda local'),(2197,'Medida','38','null'),(2198,'Tarjeta','15','En porcentaje'),(2199,'CreditoP','10','En porcentaje'),(2200,'Color','','Color escrito'),(2201,'Precio','990','En moneda local'),(2202,'Medida','35','null'),(2203,'Tarjeta','15','En porcentaje'),(2204,'CreditoP','10','En porcentaje'),(2205,'Color','','Color escrito'),(2206,'Precio','990','En moneda local'),(2207,'Medida','34','null'),(2208,'Tarjeta','15','En porcentaje'),(2209,'CreditoP','10','En porcentaje'),(2210,'Color','','Color escrito'),(2211,'Precio','990','En moneda local'),(2212,'Medida','39','null'),(2213,'Tarjeta','15','En porcentaje'),(2214,'CreditoP','10','En porcentaje'),(2215,'Color','','Color escrito'),(2216,'Precio','990','En moneda local'),(2217,'Medida','43','null'),(2218,'Tarjeta','15','En porcentaje'),(2219,'CreditoP','10','En porcentaje'),(2220,'Color','','Color escrito'),(2221,'Precio','990','En moneda local'),(2222,'Medida','29','null'),(2223,'Tarjeta','15','En porcentaje'),(2224,'CreditoP','10','En porcentaje'),(2225,'Color','','Color escrito'),(2226,'Precio','990','En moneda local'),(2227,'Medida','30','null'),(2228,'Tarjeta','15','En porcentaje'),(2229,'CreditoP','10','En porcentaje'),(2230,'Color','','Color escrito'),(2231,'Precio','350','En moneda local'),(2232,'Medida','Unico','null'),(2233,'Tarjeta','15','En porcentaje'),(2234,'CreditoP','10','En porcentaje'),(2235,'Color','','Color escrito');
/*!40000 ALTER TABLE `art_categoria` ENABLE KEYS */;
UNLOCK TABLES;

--
-- Table structure for table `art_codigo_barra`
--

DROP TABLE IF EXISTS `art_codigo_barra`;
/*!40101 SET @saved_cs_client     = @@character_set_client */;
/*!40101 SET character_set_client = utf8 */;
CREATE TABLE `art_codigo_barra` (
  `id_cb` int(13) NOT NULL AUTO_INCREMENT,
  `cb` int(11) DEFAULT NULL,
  KEY `id_cb` (`id_cb`)
) ENGINE=InnoDB DEFAULT CHARSET=utf8 COLLATE=utf8_unicode_ci;
/*!40101 SET character_set_client = @saved_cs_client */;

--
-- Dumping data for table `art_codigo_barra`
--

LOCK TABLES `art_codigo_barra` WRITE;
/*!40000 ALTER TABLE `art_codigo_barra` DISABLE KEYS */;
/*!40000 ALTER TABLE `art_codigo_barra` ENABLE KEYS */;
UNLOCK TABLES;

--
-- Table structure for table `art_conjunto`
--

DROP TABLE IF EXISTS `art_conjunto`;
/*!40101 SET @saved_cs_client     = @@character_set_client */;
/*!40101 SET character_set_client = utf8 */;
CREATE TABLE `art_conjunto` (
  `id_art_conjunto` int(11) NOT NULL AUTO_INCREMENT,
  `id_articulo` int(11) NOT NULL,
  `id_marca` int(11) DEFAULT NULL,
  `id_tipo` int(11) NOT NULL,
  KEY `id_articulo` (`id_articulo`),
  KEY `id_marca` (`id_marca`),
  KEY `id_tipo` (`id_tipo`),
  KEY `id_art_conjunto` (`id_art_conjunto`),
  CONSTRAINT `art_conjunto_ibfk_1` FOREIGN KEY (`id_articulo`) REFERENCES `art_articulo` (`id_articulo`) ON DELETE NO ACTION ON UPDATE CASCADE,
  CONSTRAINT `art_conjunto_ibfk_2` FOREIGN KEY (`id_marca`) REFERENCES `art_marca` (`id_marca`) ON DELETE NO ACTION ON UPDATE CASCADE,
  CONSTRAINT `art_conjunto_ibfk_3` FOREIGN KEY (`id_tipo`) REFERENCES `art_tipo` (`id_tipo`) ON DELETE NO ACTION ON UPDATE CASCADE
) ENGINE=InnoDB AUTO_INCREMENT=447 DEFAULT CHARSET=utf8 COLLATE=utf8_unicode_ci;
/*!40101 SET character_set_client = @saved_cs_client */;

--
-- Dumping data for table `art_conjunto`
--

LOCK TABLES `art_conjunto` WRITE;
/*!40000 ALTER TABLE `art_conjunto` DISABLE KEYS */;
INSERT INTO `art_conjunto` VALUES (1,2,1,1),(2,1,1,1),(3,3,2,2),(4,4,1,1),(5,5,3,3),(6,5,3,3),(7,5,3,3),(8,5,3,3),(9,5,3,3),(10,5,3,3),(11,5,3,3),(12,5,3,3),(13,5,3,3),(14,5,3,4),(15,5,3,4),(16,5,3,4),(17,5,3,4),(18,5,3,4),(19,5,3,4),(20,5,3,4),(21,5,3,4),(22,5,3,4),(23,5,3,4),(24,5,3,3),(25,5,3,4),(26,5,3,3),(27,5,3,3),(28,5,3,3),(29,5,3,3),(30,5,3,3),(31,5,3,3),(32,5,3,3),(33,5,3,3),(34,5,3,4),(35,5,3,4),(36,5,3,4),(37,5,3,4),(38,5,3,4),(39,5,3,4),(40,5,3,4),(41,5,3,4),(42,5,3,4),(43,5,3,4),(44,5,3,5),(45,5,3,5),(46,5,3,5),(47,5,3,5),(48,5,3,5),(49,5,3,5),(50,5,3,6),(51,5,3,6),(52,5,3,6),(53,5,3,6),(54,5,3,6),(55,5,3,6),(56,5,3,7),(57,5,3,7),(58,5,3,7),(59,5,3,7),(60,5,3,7),(61,5,3,7),(62,5,3,7),(63,5,3,8),(64,5,3,8),(65,5,3,8),(66,5,3,8),(67,5,3,8),(68,5,3,8),(69,5,3,8),(70,5,3,8),(71,5,3,8),(72,5,3,9),(73,5,3,9),(74,5,3,9),(75,5,3,9),(76,5,3,9),(77,5,3,9),(78,5,3,9),(79,5,3,9),(80,5,3,9),(81,5,3,10),(82,5,3,10),(83,5,3,10),(84,5,3,11),(85,5,3,11),(86,5,3,11),(87,5,3,11),(88,5,3,11),(89,5,3,12),(90,5,3,12),(91,5,3,12),(92,5,3,12),(93,5,3,12),(94,5,3,13),(95,5,3,13),(96,5,3,13),(97,5,3,14),(98,5,3,14),(99,5,3,14),(100,5,3,14),(101,5,3,14),(102,5,3,14),(103,5,3,14),(104,5,3,15),(105,5,3,15),(106,5,3,15),(107,5,3,15),(108,5,3,15),(109,5,3,15),(110,5,3,15),(111,5,3,16),(112,5,3,16),(113,5,3,16),(114,5,3,16),(115,5,3,16),(116,5,3,16),(117,5,3,17),(118,5,3,17),(119,5,3,17),(120,5,3,17),(121,5,3,17),(122,5,3,18),(123,5,3,18),(124,5,3,18),(125,5,3,18),(126,5,3,19),(127,5,3,19),(128,5,3,19),(129,5,3,19),(130,5,3,19),(131,5,3,19),(132,5,3,19),(133,5,3,19),(134,5,3,19),(135,5,3,20),(136,5,3,20),(137,5,3,20),(138,5,3,20),(139,5,3,20),(140,5,3,20),(141,5,3,21),(142,5,3,21),(143,5,3,21),(144,5,3,22),(145,5,3,22),(146,5,3,22),(147,5,3,22),(148,5,3,22),(149,5,3,22),(150,5,3,22),(151,5,3,22),(152,5,3,23),(153,5,3,23),(154,5,3,23),(155,5,3,23),(156,5,3,23),(157,5,3,23),(158,5,3,23),(159,5,3,23),(160,5,3,23),(161,5,3,23),(162,5,3,24),(163,5,3,24),(164,5,3,24),(165,5,3,24),(166,5,3,24),(167,5,3,24),(168,5,3,24),(169,5,3,24),(170,5,3,25),(171,5,3,25),(172,5,3,25),(173,5,3,25),(174,5,3,25),(175,5,3,25),(176,5,3,26),(177,5,3,26),(178,5,3,27),(179,5,3,27),(180,5,3,27),(181,5,3,28),(182,5,3,28),(183,5,3,28),(184,5,3,28),(185,5,3,28),(186,5,3,28),(187,5,3,28),(188,5,3,28),(189,5,3,28),(190,5,3,28),(191,5,3,29),(192,5,3,29),(193,5,3,29),(194,5,3,29),(195,5,3,29),(196,5,3,29),(197,5,3,29),(198,5,1,30),(199,5,3,30),(200,5,3,30),(201,5,3,30),(202,5,3,30),(203,5,3,30),(204,5,3,30),(205,5,3,31),(206,5,3,31),(207,5,3,31),(208,5,3,32),(209,5,3,33),(210,5,3,33),(211,5,3,34),(212,5,3,35),(213,5,3,35),(214,5,3,35),(215,5,3,36),(216,5,3,37),(217,5,3,37),(218,5,3,37),(219,5,3,38),(220,5,3,39),(221,5,3,40),(222,5,3,40),(223,5,3,41),(224,5,3,42),(225,5,3,43),(226,5,3,44),(227,5,3,44),(228,5,3,44),(229,5,3,44),(230,5,3,44),(231,5,3,44),(232,5,3,44),(233,5,3,44),(234,5,3,44),(235,5,3,44),(236,5,3,44),(237,5,3,45),(238,5,3,45),(239,5,3,45),(240,5,3,46),(241,5,3,46),(242,5,3,46),(243,5,3,46),(244,5,3,46),(245,5,3,46),(246,5,3,30),(247,5,3,30),(248,5,3,47),(249,5,4,48),(250,4,1,1),(251,4,1,1),(252,2,1,1),(253,4,1,1),(254,4,1,1),(255,4,5,1),(256,2,5,1),(257,4,5,1),(258,4,5,1),(259,4,5,1),(260,4,5,1),(261,4,5,1),(262,4,5,1),(263,4,1,49),(264,4,1,49),(265,4,1,49),(266,4,1,49),(267,4,1,49),(268,4,1,49),(269,4,1,50),(270,4,1,50),(271,4,1,50),(272,2,1,50),(273,2,1,50),(274,1,2,51),(275,6,2,51),(276,6,2,51),(277,6,2,51),(278,6,2,51),(279,6,2,51),(280,6,6,51),(281,6,4,51),(282,6,6,51),(283,6,4,51),(284,7,2,52),(285,7,2,52),(286,7,2,52),(287,7,2,52),(288,7,2,52),(289,8,2,52),(290,8,2,52),(291,8,2,52),(292,8,2,52),(293,8,2,53),(294,8,2,53),(295,8,2,53),(296,8,2,53),(297,8,2,53),(298,8,2,53),(299,8,2,53),(300,8,2,53),(301,9,2,54),(302,9,2,54),(303,9,2,54),(304,9,2,54),(305,9,2,54),(306,1,2,55),(307,1,2,55),(308,1,2,55),(309,3,2,56),(310,3,2,56),(311,3,2,56),(312,3,2,56),(313,3,2,56),(314,3,7,56),(315,3,2,56),(316,3,2,56),(317,3,2,56),(318,10,8,57),(319,10,7,57),(320,10,7,57),(321,10,8,57),(322,10,9,57),(323,10,9,57),(324,10,5,57),(325,10,5,57),(326,10,5,57),(327,10,5,57),(328,10,5,57),(329,10,10,57),(330,10,10,57),(331,10,10,57),(332,10,11,57),(333,10,11,57),(334,10,5,58),(335,10,5,58),(336,10,5,58),(337,10,5,58),(338,10,10,58),(339,10,10,58),(340,10,10,58),(341,10,11,58),(342,10,11,58),(343,10,11,58),(344,10,11,58),(345,11,9,57),(346,11,9,57),(347,11,5,57),(348,11,5,57),(349,11,8,57),(350,11,2,57),(351,11,2,57),(352,11,4,57),(353,11,6,57),(354,11,6,57),(355,11,4,57),(356,11,2,59),(357,11,2,59),(358,11,2,60),(359,11,2,61),(360,12,2,62),(361,12,2,54),(362,12,2,62),(363,12,2,62),(364,13,1,1),(365,13,1,1),(366,13,1,1),(367,13,1,1),(368,13,1,1),(369,13,1,1),(370,14,1,1),(371,14,1,1),(372,14,1,1),(373,14,1,1),(374,14,1,1),(375,15,1,1),(376,15,1,1),(377,16,2,1),(378,17,2,51),(379,17,2,54),(380,17,2,54),(381,17,2,54),(382,17,2,54),(383,18,4,51),(384,18,4,51),(385,19,2,54),(386,19,2,54),(387,18,2,54),(388,20,2,58),(389,11,2,63),(390,21,2,64),(391,22,2,54),(392,23,2,54),(393,24,2,54),(394,25,2,54),(395,26,2,54),(396,27,4,51),(397,28,2,54),(398,29,2,54),(399,30,2,54),(400,31,2,54),(401,3,4,51),(402,3,4,51),(403,3,6,51),(404,12,4,51),(405,12,4,51),(406,12,4,51),(407,12,6,51),(408,8,2,52),(409,13,1,1),(410,14,1,1),(411,3,2,56),(412,3,2,56),(413,3,2,56),(414,3,7,56),(415,3,7,56),(416,3,7,56),(417,5,3,11),(418,5,3,11),(419,5,3,6),(420,5,3,8),(421,5,3,16),(422,5,3,46),(423,5,3,46),(424,5,3,31),(425,5,3,31),(426,5,3,14),(427,5,3,9),(428,5,3,1),(429,5,3,1),(430,5,3,1),(431,5,3,65),(432,5,3,66),(433,5,3,67),(434,5,3,68),(435,5,3,69),(436,5,3,69),(437,5,3,70),(438,5,3,35),(439,5,3,45),(440,5,3,12),(441,5,3,13),(442,5,3,13),(443,5,3,71),(444,5,3,72),(445,5,3,72),(446,32,2,62);
/*!40000 ALTER TABLE `art_conjunto` ENABLE KEYS */;
UNLOCK TABLES;

--
-- Table structure for table `art_fotos`
--

DROP TABLE IF EXISTS `art_fotos`;
/*!40101 SET @saved_cs_client     = @@character_set_client */;
/*!40101 SET character_set_client = utf8 */;
CREATE TABLE `art_fotos` (
  `id_art_fotos` int(11) NOT NULL AUTO_INCREMENT,
  `id_foto` int(11) NOT NULL,
  KEY `id_foto` (`id_foto`),
  KEY `id_art_fotos` (`id_art_fotos`),
  CONSTRAINT `art_fotos_ibfk_1` FOREIGN KEY (`id_foto`) REFERENCES `us_prvd_foto` (`id_foto`) ON DELETE NO ACTION ON UPDATE CASCADE
) ENGINE=InnoDB AUTO_INCREMENT=447 DEFAULT CHARSET=utf8 COLLATE=utf8_unicode_ci;
/*!40101 SET character_set_client = @saved_cs_client */;

--
-- Dumping data for table `art_fotos`
--

LOCK TABLES `art_fotos` WRITE;
/*!40000 ALTER TABLE `art_fotos` DISABLE KEYS */;
INSERT INTO `art_fotos` VALUES (1,3),(2,4),(3,5),(4,6),(5,7),(6,8),(7,9),(8,10),(9,11),(10,12),(11,13),(12,14),(13,15),(14,16),(15,17),(16,18),(17,19),(18,20),(19,21),(20,22),(21,23),(22,24),(23,25),(24,26),(25,27),(26,28),(27,29),(28,30),(29,31),(30,32),(31,33),(32,34),(33,35),(34,36),(35,37),(36,38),(37,39),(38,40),(39,41),(40,42),(41,43),(42,44),(43,45),(44,46),(45,47),(46,48),(47,49),(48,50),(49,51),(50,52),(51,53),(52,54),(53,55),(54,56),(55,57),(56,58),(57,59),(58,60),(59,61),(60,62),(61,63),(62,64),(63,65),(64,66),(65,67),(66,68),(67,69),(68,70),(69,71),(70,72),(71,73),(72,74),(73,75),(74,76),(75,77),(76,78),(77,79),(78,80),(79,81),(80,82),(81,83),(82,84),(83,85),(84,86),(85,87),(86,88),(87,89),(88,90),(89,91),(90,92),(91,93),(92,94),(93,95),(94,96),(95,97),(96,98),(97,99),(98,100),(99,101),(100,102),(101,103),(102,104),(103,105),(104,106),(105,107),(106,108),(107,109),(108,110),(109,111),(110,112),(111,113),(112,114),(113,115),(114,116),(115,117),(116,118),(117,119),(118,120),(119,121),(120,122),(121,123),(122,124),(123,125),(124,126),(125,127),(126,128),(127,129),(128,130),(129,131),(130,132),(131,133),(132,134),(133,135),(134,136),(135,137),(136,138),(137,139),(138,140),(139,141),(140,142),(141,143),(142,144),(143,145),(144,146),(145,147),(146,148),(147,149),(148,150),(149,151),(150,152),(151,153),(152,154),(153,155),(154,156),(155,157),(156,158),(157,159),(158,160),(159,161),(160,162),(161,163),(162,164),(163,165),(164,166),(165,167),(166,168),(167,169),(168,170),(169,171),(170,172),(171,173),(172,174),(173,175),(174,176),(175,177),(176,178),(177,179),(178,180),(179,181),(180,182),(181,183),(182,184),(183,185),(184,186),(185,187),(186,188),(187,189),(188,190),(189,191),(190,192),(191,193),(192,194),(193,195),(194,196),(195,197),(196,198),(197,199),(198,200),(199,201),(200,202),(201,203),(202,204),(203,205),(204,206),(205,207),(206,208),(207,209),(208,210),(209,211),(210,212),(211,213),(212,214),(213,215),(214,216),(215,217),(216,218),(217,219),(218,220),(219,221),(220,222),(221,223),(222,224),(223,225),(224,226),(225,227),(226,228),(227,229),(228,230),(229,231),(230,232),(231,233),(232,234),(233,235),(234,236),(235,237),(236,238),(237,239),(238,240),(239,241),(240,242),(241,243),(242,244),(243,245),(244,246),(245,247),(246,248),(247,249),(248,250),(249,251),(250,252),(251,253),(252,254),(253,255),(254,256),(255,257),(256,258),(257,259),(258,260),(259,261),(260,262),(261,263),(262,264),(263,265),(264,266),(265,267),(266,268),(267,269),(268,270),(269,271),(270,272),(271,273),(272,274),(273,275),(274,276),(275,277),(276,278),(277,279),(278,280),(279,281),(280,282),(281,283),(282,284),(283,285),(284,286),(285,287),(286,288),(287,289),(288,290),(289,291),(290,292),(291,293),(292,294),(293,295),(294,296),(295,297),(296,298),(297,299),(298,300),(299,301),(300,302),(301,303),(302,304),(303,305),(304,306),(305,307),(306,308),(307,309),(308,310),(309,311),(310,312),(311,313),(312,314),(313,315),(314,316),(315,317),(316,318),(317,319),(318,320),(319,321),(320,322),(321,323),(322,324),(323,325),(324,326),(325,327),(326,328),(327,329),(328,330),(329,331),(330,332),(331,333),(332,334),(333,335),(334,336),(335,337),(336,338),(337,339),(338,340),(339,341),(340,342),(341,343),(342,344),(343,345),(344,346),(345,347),(346,348),(347,349),(348,350),(349,351),(350,352),(351,353),(352,354),(353,355),(354,356),(355,357),(356,358),(357,359),(358,360),(359,361),(360,362),(361,363),(362,364),(363,365),(364,366),(365,367),(366,368),(367,369),(368,370),(369,371),(370,372),(371,373),(372,374),(373,375),(374,376),(375,377),(376,378),(377,379),(378,380),(379,381),(380,382),(381,383),(382,384),(383,385),(384,386),(385,387),(386,388),(387,389),(388,390),(389,391),(390,392),(391,393),(392,394),(393,395),(394,396),(395,397),(396,398),(397,399),(398,400),(399,401),(400,402),(401,403),(402,404),(403,405),(404,406),(405,407),(406,408),(407,409),(408,410),(409,411),(410,412),(411,413),(412,414),(413,415),(414,416),(415,417),(416,418),(417,419),(418,420),(419,421),(420,422),(421,423),(422,424),(423,425),(424,426),(425,427),(426,428),(427,429),(428,430),(429,431),(430,432),(431,433),(432,434),(433,435),(434,436),(435,437),(436,438),(437,439),(438,440),(439,441),(440,442),(441,443),(442,444),(443,445),(444,446),(445,447),(446,448);
/*!40000 ALTER TABLE `art_fotos` ENABLE KEYS */;
UNLOCK TABLES;

--
-- Table structure for table `art_grupo_categoria`
--

DROP TABLE IF EXISTS `art_grupo_categoria`;
/*!40101 SET @saved_cs_client     = @@character_set_client */;
/*!40101 SET character_set_client = utf8 */;
CREATE TABLE `art_grupo_categoria` (
  `id_gc` int(11) NOT NULL AUTO_INCREMENT,
  `id_categoria` int(11) DEFAULT NULL,
  KEY `id_categoria` (`id_categoria`),
  KEY `id_gc` (`id_gc`),
  CONSTRAINT `art_grupo_categoria_ibfk_1` FOREIGN KEY (`id_categoria`) REFERENCES `art_categoria` (`id_categoria`) ON DELETE NO ACTION ON UPDATE CASCADE
) ENGINE=InnoDB AUTO_INCREMENT=448 DEFAULT CHARSET=utf8 COLLATE=utf8_unicode_ci;
/*!40101 SET character_set_client = @saved_cs_client */;

--
-- Dumping data for table `art_grupo_categoria`
--

LOCK TABLES `art_grupo_categoria` WRITE;
/*!40000 ALTER TABLE `art_grupo_categoria` DISABLE KEYS */;
INSERT INTO `art_grupo_categoria` VALUES (1,1),(1,2),(1,3),(1,4),(1,5),(2,6),(2,7),(2,8),(2,9),(2,10),(3,11),(3,12),(3,13),(3,14),(3,15),(4,16),(4,17),(4,18),(4,19),(4,20),(5,21),(5,22),(5,23),(5,24),(5,25),(6,26),(6,27),(6,28),(6,29),(6,30),(7,31),(7,32),(7,33),(7,34),(7,35),(8,36),(8,37),(8,38),(8,39),(8,40),(9,41),(9,42),(9,43),(9,44),(9,45),(10,46),(10,47),(10,48),(10,49),(10,50),(11,51),(11,52),(11,53),(11,54),(11,55),(12,56),(12,57),(12,58),(12,59),(12,60),(13,61),(13,62),(13,63),(13,64),(13,65),(14,66),(14,67),(14,68),(14,69),(14,70),(15,71),(15,72),(15,73),(15,74),(15,75),(16,76),(16,77),(16,78),(16,79),(16,80),(17,81),(17,82),(17,83),(17,84),(17,85),(18,86),(18,87),(18,88),(18,89),(18,90),(19,91),(19,92),(19,93),(19,94),(19,95),(20,96),(20,97),(20,98),(20,99),(20,100),(21,101),(21,102),(21,103),(21,104),(21,105),(22,106),(22,107),(22,108),(22,109),(22,110),(23,111),(23,112),(23,113),(23,114),(23,115),(24,116),(24,117),(24,118),(24,119),(24,120),(25,121),(25,122),(25,123),(25,124),(25,125),(26,126),(26,127),(26,128),(26,129),(26,130),(27,131),(27,132),(27,133),(27,134),(27,135),(28,136),(28,137),(28,138),(28,139),(28,140),(29,141),(29,142),(29,143),(29,144),(29,145),(30,146),(30,147),(30,148),(30,149),(30,150),(31,151),(31,152),(31,153),(31,154),(31,155),(32,156),(32,157),(32,158),(32,159),(32,160),(33,161),(33,162),(33,163),(33,164),(33,165),(34,166),(34,167),(34,168),(34,169),(34,170),(35,171),(35,172),(35,173),(35,174),(35,175),(36,176),(36,177),(36,178),(36,179),(36,180),(37,181),(37,182),(37,183),(37,184),(37,185),(38,186),(38,187),(38,188),(38,189),(38,190),(39,191),(39,192),(39,193),(39,194),(39,195),(40,196),(40,197),(40,198),(40,199),(40,200),(41,201),(41,202),(41,203),(41,204),(41,205),(42,206),(42,207),(42,208),(42,209),(42,210),(43,211),(43,212),(43,213),(43,214),(43,215),(44,216),(44,217),(44,218),(44,219),(44,220),(45,221),(45,222),(45,223),(45,224),(45,225),(46,226),(46,227),(46,228),(46,229),(46,230),(47,231),(47,232),(47,233),(47,234),(47,235),(48,236),(48,237),(48,238),(48,239),(48,240),(49,241),(49,242),(49,243),(49,244),(49,245),(50,246),(50,247),(50,248),(50,249),(50,250),(51,251),(51,252),(51,253),(51,254),(51,255),(52,256),(52,257),(52,258),(52,259),(52,260),(53,261),(53,262),(53,263),(53,264),(53,265),(54,266),(54,267),(54,268),(54,269),(54,270),(55,271),(55,272),(55,273),(55,274),(55,275),(56,276),(56,277),(56,278),(56,279),(56,280),(57,281),(57,282),(57,283),(57,284),(57,285),(58,286),(58,287),(58,288),(58,289),(58,290),(59,291),(59,292),(59,293),(59,294),(59,295),(60,296),(60,297),(60,298),(60,299),(60,300),(61,301),(61,302),(61,303),(61,304),(61,305),(62,306),(62,307),(62,308),(62,309),(62,310),(63,311),(63,312),(63,313),(63,314),(63,315),(64,316),(64,317),(64,318),(64,319),(64,320),(65,321),(65,322),(65,323),(65,324),(65,325),(66,326),(66,327),(66,328),(66,329),(66,330),(67,331),(67,332),(67,333),(67,334),(67,335),(68,336),(68,337),(68,338),(68,339),(68,340),(69,341),(69,342),(69,343),(69,344),(69,345),(70,346),(70,347),(70,348),(70,349),(70,350),(71,351),(71,352),(71,353),(71,354),(71,355),(72,356),(72,357),(72,358),(72,359),(72,360),(73,361),(73,362),(73,363),(73,364),(73,365),(74,366),(74,367),(74,368),(74,369),(74,370),(75,371),(75,372),(75,373),(75,374),(75,375),(76,376),(76,377),(76,378),(76,379),(76,380),(77,381),(77,382),(77,383),(77,384),(77,385),(78,386),(78,387),(78,388),(78,389),(78,390),(79,391),(79,392),(79,393),(79,394),(79,395),(80,396),(80,397),(80,398),(80,399),(80,400),(81,401),(81,402),(81,403),(81,404),(81,405),(82,406),(82,407),(82,408),(82,409),(82,410),(83,411),(83,412),(83,413),(83,414),(83,415),(84,416),(84,417),(84,418),(84,419),(84,420),(85,421),(85,422),(85,423),(85,424),(85,425),(86,426),(86,427),(86,428),(86,429),(86,430),(87,431),(87,432),(87,433),(87,434),(87,435),(88,436),(88,437),(88,438),(88,439),(88,440),(89,441),(89,442),(89,443),(89,444),(89,445),(90,446),(90,447),(90,448),(90,449),(90,450),(91,451),(91,452),(91,453),(91,454),(91,455),(92,456),(92,457),(92,458),(92,459),(92,460),(93,461),(93,462),(93,463),(93,464),(93,465),(94,466),(94,467),(94,468),(94,469),(94,470),(95,471),(95,472),(95,473),(95,474),(95,475),(96,476),(96,477),(96,478),(96,479),(96,480),(97,481),(97,482),(97,483),(97,484),(97,485),(98,486),(98,487),(98,488),(98,489),(98,490),(99,491),(99,492),(99,493),(99,494),(99,495),(100,496),(100,497),(100,498),(100,499),(100,500),(101,501),(101,502),(101,503),(101,504),(101,505),(102,506),(102,507),(102,508),(102,509),(102,510),(103,511),(103,512),(103,513),(103,514),(103,515),(104,516),(104,517),(104,518),(104,519),(104,520),(105,521),(105,522),(105,523),(105,524),(105,525),(106,526),(106,527),(106,528),(106,529),(106,530),(107,531),(107,532),(107,533),(107,534),(107,535),(108,536),(108,537),(108,538),(108,539),(108,540),(109,541),(109,542),(109,543),(109,544),(109,545),(110,546),(110,547),(110,548),(110,549),(110,550),(111,551),(111,552),(111,553),(111,554),(111,555),(112,556),(112,557),(112,558),(112,559),(112,560),(113,561),(113,562),(113,563),(113,564),(113,565),(114,566),(114,567),(114,568),(114,569),(114,570),(115,571),(115,572),(115,573),(115,574),(115,575),(116,576),(116,577),(116,578),(116,579),(116,580),(117,581),(117,582),(117,583),(117,584),(117,585),(118,586),(118,587),(118,588),(118,589),(118,590),(119,591),(119,592),(119,593),(119,594),(119,595),(120,596),(120,597),(120,598),(120,599),(120,600),(121,601),(121,602),(121,603),(121,604),(121,605),(122,606),(122,607),(122,608),(122,609),(122,610),(123,611),(123,612),(123,613),(123,614),(123,615),(124,616),(124,617),(124,618),(124,619),(124,620),(125,621),(125,622),(125,623),(125,624),(125,625),(126,626),(126,627),(126,628),(126,629),(126,630),(127,631),(127,632),(127,633),(127,634),(127,635),(128,636),(128,637),(128,638),(128,639),(128,640),(129,641),(129,642),(129,643),(129,644),(129,645),(130,646),(130,647),(130,648),(130,649),(130,650),(131,651),(131,652),(131,653),(131,654),(131,655),(132,656),(132,657),(132,658),(132,659),(132,660),(133,661),(133,662),(133,663),(133,664),(133,665),(134,666),(134,667),(134,668),(134,669),(134,670),(135,671),(135,672),(135,673),(135,674),(135,675),(136,676),(136,677),(136,678),(136,679),(136,680),(137,681),(137,682),(137,683),(137,684),(137,685),(138,686),(138,687),(138,688),(138,689),(138,690),(139,691),(139,692),(139,693),(139,694),(139,695),(140,696),(140,697),(140,698),(140,699),(140,700),(141,701),(141,702),(141,703),(141,704),(141,705),(142,706),(142,707),(142,708),(142,709),(142,710),(143,711),(143,712),(143,713),(143,714),(143,715),(144,716),(144,717),(144,718),(144,719),(144,720),(145,721),(145,722),(145,723),(145,724),(145,725),(146,726),(146,727),(146,728),(146,729),(146,730),(147,731),(147,732),(147,733),(147,734),(147,735),(148,736),(148,737),(148,738),(148,739),(148,740),(149,741),(149,742),(149,743),(149,744),(149,745),(150,746),(150,747),(150,748),(150,749),(150,750),(151,751),(151,752),(151,753),(151,754),(151,755),(152,756),(152,757),(152,758),(152,759),(152,760),(153,761),(153,762),(153,763),(153,764),(153,765),(154,766),(154,767),(154,768),(154,769),(154,770),(155,771),(155,772),(155,773),(155,774),(155,775),(156,776),(156,777),(156,778),(156,779),(156,780),(157,781),(157,782),(157,783),(157,784),(157,785),(158,786),(158,787),(158,788),(158,789),(158,790),(159,791),(159,792),(159,793),(159,794),(159,795),(160,796),(160,797),(160,798),(160,799),(160,800),(161,801),(161,802),(161,803),(161,804),(161,805),(162,806),(162,807),(162,808),(162,809),(162,810),(163,811),(163,812),(163,813),(163,814),(163,815),(164,816),(164,817),(164,818),(164,819),(164,820),(165,821),(165,822),(165,823),(165,824),(165,825),(166,826),(166,827),(166,828),(166,829),(166,830),(167,831),(167,832),(167,833),(167,834),(167,835),(168,836),(168,837),(168,838),(168,839),(168,840),(169,841),(169,842),(169,843),(169,844),(169,845),(170,846),(170,847),(170,848),(170,849),(170,850),(171,851),(171,852),(171,853),(171,854),(171,855),(172,856),(172,857),(172,858),(172,859),(172,860),(173,861),(173,862),(173,863),(173,864),(173,865),(174,866),(174,867),(174,868),(174,869),(174,870),(175,871),(175,872),(175,873),(175,874),(175,875),(176,876),(176,877),(176,878),(176,879),(176,880),(177,881),(177,882),(177,883),(177,884),(177,885),(178,886),(178,887),(178,888),(178,889),(178,890),(179,891),(179,892),(179,893),(179,894),(179,895),(180,896),(180,897),(180,898),(180,899),(180,900),(181,901),(181,902),(181,903),(181,904),(181,905),(182,906),(182,907),(182,908),(182,909),(182,910),(183,911),(183,912),(183,913),(183,914),(183,915),(184,916),(184,917),(184,918),(184,919),(184,920),(185,921),(185,922),(185,923),(185,924),(185,925),(186,926),(186,927),(186,928),(186,929),(186,930),(187,931),(187,932),(187,933),(187,934),(187,935),(188,936),(188,937),(188,938),(188,939),(188,940),(189,941),(189,942),(189,943),(189,944),(189,945),(190,946),(190,947),(190,948),(190,949),(190,950),(191,951),(191,952),(191,953),(191,954),(191,955),(192,956),(192,957),(192,958),(192,959),(192,960),(193,961),(193,962),(193,963),(193,964),(193,965),(194,966),(194,967),(194,968),(194,969),(194,970),(195,971),(195,972),(195,973),(195,974),(195,975),(196,976),(196,977),(196,978),(196,979),(196,980),(197,981),(197,982),(197,983),(197,984),(197,985),(198,986),(198,987),(198,988),(198,989),(198,990),(199,991),(199,992),(199,993),(199,994),(199,995),(200,996),(200,997),(200,998),(200,999),(200,1000),(201,1001),(201,1002),(201,1003),(201,1004),(201,1005),(202,1006),(202,1007),(202,1008),(202,1009),(202,1010),(203,1011),(203,1012),(203,1013),(203,1014),(203,1015),(204,1016),(204,1017),(204,1018),(204,1019),(204,1020),(205,1021),(205,1022),(205,1023),(205,1024),(205,1025),(206,1026),(206,1027),(206,1028),(206,1029),(206,1030),(207,1031),(207,1032),(207,1033),(207,1034),(207,1035),(208,1036),(208,1037),(208,1038),(208,1039),(208,1040),(209,1041),(209,1042),(209,1043),(209,1044),(209,1045),(210,1046),(210,1047),(210,1048),(210,1049),(210,1050),(211,1051),(211,1052),(211,1053),(211,1054),(211,1055),(212,1056),(212,1057),(212,1058),(212,1059),(212,1060),(213,1061),(213,1062),(213,1063),(213,1064),(213,1065),(214,1066),(214,1067),(214,1068),(214,1069),(214,1070),(215,1071),(215,1072),(215,1073),(215,1074),(215,1075),(216,1076),(216,1077),(216,1078),(216,1079),(216,1080),(217,1081),(217,1082),(217,1083),(217,1084),(217,1085),(218,1086),(218,1087),(218,1088),(218,1089),(218,1090),(219,1091),(219,1092),(219,1093),(219,1094),(219,1095),(220,1096),(220,1097),(220,1098),(220,1099),(220,1100),(221,1101),(221,1102),(221,1103),(221,1104),(221,1105),(222,1106),(222,1107),(222,1108),(222,1109),(222,1110),(223,1111),(223,1112),(223,1113),(223,1114),(223,1115),(224,1116),(224,1117),(224,1118),(224,1119),(224,1120),(225,1121),(225,1122),(225,1123),(225,1124),(225,1125),(226,1126),(226,1127),(226,1128),(226,1129),(226,1130),(227,1131),(227,1132),(227,1133),(227,1134),(227,1135),(228,1136),(228,1137),(228,1138),(228,1139),(228,1140),(229,1141),(229,1142),(229,1143),(229,1144),(229,1145),(230,1146),(230,1147),(230,1148),(230,1149),(230,1150),(231,1151),(231,1152),(231,1153),(231,1154),(231,1155),(232,1156),(232,1157),(232,1158),(232,1159),(232,1160),(233,1161),(233,1162),(233,1163),(233,1164),(233,1165),(234,1166),(234,1167),(234,1168),(234,1169),(234,1170),(235,1171),(235,1172),(235,1173),(235,1174),(235,1175),(236,1176),(236,1177),(236,1178),(236,1179),(236,1180),(237,1181),(237,1182),(237,1183),(237,1184),(237,1185),(238,1186),(238,1187),(238,1188),(238,1189),(238,1190),(239,1191),(239,1192),(239,1193),(239,1194),(239,1195),(240,1196),(240,1197),(240,1198),(240,1199),(240,1200),(241,1201),(241,1202),(241,1203),(241,1204),(241,1205),(242,1206),(242,1207),(242,1208),(242,1209),(242,1210),(243,1211),(243,1212),(243,1213),(243,1214),(243,1215),(244,1216),(244,1217),(244,1218),(244,1219),(244,1220),(245,1221),(245,1222),(245,1223),(245,1224),(245,1225),(246,1226),(246,1227),(246,1228),(246,1229),(246,1230),(247,1231),(247,1232),(247,1233),(247,1234),(247,1235),(248,1236),(248,1237),(248,1238),(248,1239),(248,1240),(249,1241),(249,1242),(249,1243),(249,1244),(249,1245),(250,1246),(250,1247),(250,1248),(250,1249),(250,1250),(251,1251),(251,1252),(251,1253),(251,1254),(251,1255),(252,1256),(252,1257),(252,1258),(252,1259),(252,1260),(253,1261),(253,1262),(253,1263),(253,1264),(253,1265),(254,1266),(254,1267),(254,1268),(254,1269),(254,1270),(255,1271),(255,1272),(255,1273),(255,1274),(255,1275),(256,1276),(256,1277),(256,1278),(256,1279),(256,1280),(257,1281),(257,1282),(257,1283),(257,1284),(257,1285),(258,1286),(258,1287),(258,1288),(258,1289),(258,1290),(259,1291),(259,1292),(259,1293),(259,1294),(259,1295),(260,1296),(260,1297),(260,1298),(260,1299),(260,1300),(261,1301),(261,1302),(261,1303),(261,1304),(261,1305),(262,1306),(262,1307),(262,1308),(262,1309),(262,1310),(263,1311),(263,1312),(263,1313),(263,1314),(263,1315),(264,1316),(264,1317),(264,1318),(264,1319),(264,1320),(265,1321),(265,1322),(265,1323),(265,1324),(265,1325),(266,1326),(266,1327),(266,1328),(266,1329),(266,1330),(267,1331),(267,1332),(267,1333),(267,1334),(267,1335),(268,1336),(268,1337),(268,1338),(268,1339),(268,1340),(269,1341),(269,1342),(269,1343),(269,1344),(269,1345),(270,1346),(270,1347),(270,1348),(270,1349),(270,1350),(271,1351),(271,1352),(271,1353),(271,1354),(271,1355),(272,1356),(272,1357),(272,1358),(272,1359),(272,1360),(273,1361),(273,1362),(273,1363),(273,1364),(273,1365),(274,1366),(274,1367),(274,1368),(274,1369),(274,1370),(275,1371),(275,1372),(275,1373),(275,1374),(275,1375),(276,1376),(276,1377),(276,1378),(276,1379),(276,1380),(277,1381),(277,1382),(277,1383),(277,1384),(277,1385),(278,1386),(278,1387),(278,1388),(278,1389),(278,1390),(279,1391),(279,1392),(279,1393),(279,1394),(279,1395),(280,1396),(280,1397),(280,1398),(280,1399),(280,1400),(281,1401),(281,1402),(281,1403),(281,1404),(281,1405),(282,1406),(282,1407),(282,1408),(282,1409),(282,1410),(283,1411),(283,1412),(283,1413),(283,1414),(283,1415),(284,1416),(284,1417),(284,1418),(284,1419),(284,1420),(285,1421),(285,1422),(285,1423),(285,1424),(285,1425),(286,1426),(286,1427),(286,1428),(286,1429),(286,1430),(287,1431),(287,1432),(287,1433),(287,1434),(287,1435),(288,1436),(288,1437),(288,1438),(288,1439),(288,1440),(289,1441),(289,1442),(289,1443),(289,1444),(289,1445),(290,1446),(290,1447),(290,1448),(290,1449),(290,1450),(291,1451),(291,1452),(291,1453),(291,1454),(291,1455),(292,1456),(292,1457),(292,1458),(292,1459),(292,1460),(293,1461),(293,1462),(293,1463),(293,1464),(293,1465),(294,1466),(294,1467),(294,1468),(294,1469),(294,1470),(295,1471),(295,1472),(295,1473),(295,1474),(295,1475),(296,1476),(296,1477),(296,1478),(296,1479),(296,1480),(297,1481),(297,1482),(297,1483),(297,1484),(297,1485),(298,1486),(298,1487),(298,1488),(298,1489),(298,1490),(299,1491),(299,1492),(299,1493),(299,1494),(299,1495),(300,1496),(300,1497),(300,1498),(300,1499),(300,1500),(301,1501),(301,1502),(301,1503),(301,1504),(301,1505),(302,1506),(302,1507),(302,1508),(302,1509),(302,1510),(303,1511),(303,1512),(303,1513),(303,1514),(303,1515),(304,1516),(304,1517),(304,1518),(304,1519),(304,1520),(305,1521),(305,1522),(305,1523),(305,1524),(305,1525),(306,1526),(306,1527),(306,1528),(306,1529),(306,1530),(307,1531),(307,1532),(307,1533),(307,1534),(307,1535),(308,1536),(308,1537),(308,1538),(308,1539),(308,1540),(309,1541),(309,1542),(309,1543),(309,1544),(309,1545),(310,1546),(310,1547),(310,1548),(310,1549),(310,1550),(311,1551),(311,1552),(311,1553),(311,1554),(311,1555),(312,1556),(312,1557),(312,1558),(312,1559),(312,1560),(313,1561),(313,1562),(313,1563),(313,1564),(313,1565),(314,1566),(314,1567),(314,1568),(314,1569),(314,1570),(315,1571),(315,1572),(315,1573),(315,1574),(315,1575),(316,1576),(316,1577),(316,1578),(316,1579),(316,1580),(317,1581),(317,1582),(317,1583),(317,1584),(317,1585),(318,1586),(318,1587),(318,1588),(318,1589),(318,1590),(319,1591),(319,1592),(319,1593),(319,1594),(319,1595),(320,1596),(320,1597),(320,1598),(320,1599),(320,1600),(321,1601),(321,1602),(321,1603),(321,1604),(321,1605),(322,1606),(322,1607),(322,1608),(322,1609),(322,1610),(323,1611),(323,1612),(323,1613),(323,1614),(323,1615),(324,1616),(324,1617),(324,1618),(324,1619),(324,1620),(325,1621),(325,1622),(325,1623),(325,1624),(325,1625),(326,1626),(326,1627),(326,1628),(326,1629),(326,1630),(327,1631),(327,1632),(327,1633),(327,1634),(327,1635),(328,1636),(328,1637),(328,1638),(328,1639),(328,1640),(329,1641),(329,1642),(329,1643),(329,1644),(329,1645),(330,1646),(330,1647),(330,1648),(330,1649),(330,1650),(331,1651),(331,1652),(331,1653),(331,1654),(331,1655),(332,1656),(332,1657),(332,1658),(332,1659),(332,1660),(333,1661),(333,1662),(333,1663),(333,1664),(333,1665),(334,1666),(334,1667),(334,1668),(334,1669),(334,1670),(335,1671),(335,1672),(335,1673),(335,1674),(335,1675),(336,1676),(336,1677),(336,1678),(336,1679),(336,1680),(337,1681),(337,1682),(337,1683),(337,1684),(337,1685),(338,1686),(338,1687),(338,1688),(338,1689),(338,1690),(339,1691),(339,1692),(339,1693),(339,1694),(339,1695),(340,1696),(340,1697),(340,1698),(340,1699),(340,1700),(341,1701),(341,1702),(341,1703),(341,1704),(341,1705),(342,1706),(342,1707),(342,1708),(342,1709),(342,1710),(343,1711),(343,1712),(343,1713),(343,1714),(343,1715),(344,1716),(344,1717),(344,1718),(344,1719),(344,1720),(345,1721),(345,1722),(345,1723),(345,1724),(345,1725),(346,1726),(346,1727),(346,1728),(346,1729),(346,1730),(347,1731),(347,1732),(347,1733),(347,1734),(347,1735),(348,1736),(348,1737),(348,1738),(348,1739),(348,1740),(349,1741),(349,1742),(349,1743),(349,1744),(349,1745),(350,1746),(350,1747),(350,1748),(350,1749),(350,1750),(351,1751),(351,1752),(351,1753),(351,1754),(351,1755),(352,1756),(352,1757),(352,1758),(352,1759),(352,1760),(353,1761),(353,1762),(353,1763),(353,1764),(353,1765),(354,1766),(354,1767),(354,1768),(354,1769),(354,1770),(355,1771),(355,1772),(355,1773),(355,1774),(355,1775),(356,1776),(356,1777),(356,1778),(356,1779),(356,1780),(357,1781),(357,1782),(357,1783),(357,1784),(357,1785),(358,1786),(358,1787),(358,1788),(358,1789),(358,1790),(359,1791),(359,1792),(359,1793),(359,1794),(359,1795),(360,1796),(360,1797),(360,1798),(360,1799),(360,1800),(361,1801),(361,1802),(361,1803),(361,1804),(361,1805),(362,1806),(362,1807),(362,1808),(362,1809),(362,1810),(363,1811),(363,1812),(363,1813),(363,1814),(363,1815),(364,1816),(364,1817),(364,1818),(364,1819),(364,1820),(365,1821),(365,1822),(365,1823),(365,1824),(365,1825),(366,1826),(366,1827),(366,1828),(366,1829),(366,1830),(367,1831),(367,1832),(367,1833),(367,1834),(367,1835),(368,1836),(368,1837),(368,1838),(368,1839),(368,1840),(369,1841),(369,1842),(369,1843),(369,1844),(369,1845),(370,1846),(370,1847),(370,1848),(370,1849),(370,1850),(371,1851),(371,1852),(371,1853),(371,1854),(371,1855),(372,1856),(372,1857),(372,1858),(372,1859),(372,1860),(373,1861),(373,1862),(373,1863),(373,1864),(373,1865),(374,1866),(374,1867),(374,1868),(374,1869),(374,1870),(375,1871),(375,1872),(375,1873),(375,1874),(375,1875),(376,1876),(376,1877),(376,1878),(376,1879),(376,1880),(377,1881),(377,1882),(377,1883),(377,1884),(377,1885),(378,1886),(378,1887),(378,1888),(378,1889),(378,1890),(379,1891),(379,1892),(379,1893),(379,1894),(379,1895),(380,1896),(380,1897),(380,1898),(380,1899),(380,1900),(381,1901),(381,1902),(381,1903),(381,1904),(381,1905),(382,1906),(382,1907),(382,1908),(382,1909),(382,1910),(383,1911),(383,1912),(383,1913),(383,1914),(383,1915),(384,1916),(384,1917),(384,1918),(384,1919),(384,1920),(385,1921),(385,1922),(385,1923),(385,1924),(385,1925),(386,1926),(386,1927),(386,1928),(386,1929),(386,1930),(387,1931),(387,1932),(387,1933),(387,1934),(387,1935),(388,1936),(388,1937),(388,1938),(388,1939),(388,1940),(389,1941),(389,1942),(389,1943),(389,1944),(389,1945),(390,1946),(390,1947),(390,1948),(390,1949),(390,1950),(391,1951),(391,1952),(391,1953),(391,1954),(391,1955),(392,1956),(392,1957),(392,1958),(392,1959),(392,1960),(393,1961),(393,1962),(393,1963),(393,1964),(393,1965),(394,1966),(394,1967),(394,1968),(394,1969),(394,1970),(395,1971),(395,1972),(395,1973),(395,1974),(395,1975),(396,1976),(396,1977),(396,1978),(396,1979),(396,1980),(397,1981),(397,1982),(397,1983),(397,1984),(397,1985),(398,1986),(398,1987),(398,1988),(398,1989),(398,1990),(399,1991),(399,1992),(399,1993),(399,1994),(399,1995),(400,1996),(400,1997),(400,1998),(400,1999),(400,2000),(401,2001),(401,2002),(401,2003),(401,2004),(401,2005),(402,2006),(402,2007),(402,2008),(402,2009),(402,2010),(403,2011),(403,2012),(403,2013),(403,2014),(403,2015),(404,2016),(404,2017),(404,2018),(404,2019),(404,2020),(405,2021),(405,2022),(405,2023),(405,2024),(405,2025),(406,2026),(406,2027),(406,2028),(406,2029),(406,2030),(407,2031),(407,2032),(407,2033),(407,2034),(407,2035),(408,2036),(408,2037),(408,2038),(408,2039),(408,2040),(409,2041),(409,2042),(409,2043),(409,2044),(409,2045),(410,2046),(410,2047),(410,2048),(410,2049),(410,2050),(411,2051),(411,2052),(411,2053),(411,2054),(411,2055),(412,2056),(412,2057),(412,2058),(412,2059),(412,2060),(413,2061),(413,2062),(413,2063),(413,2064),(413,2065),(414,2066),(414,2067),(414,2068),(414,2069),(414,2070),(415,2071),(415,2072),(415,2073),(415,2074),(415,2075),(416,2076),(416,2077),(416,2078),(416,2079),(416,2080),(417,2081),(417,2082),(417,2083),(417,2084),(417,2085),(418,2086),(418,2087),(418,2088),(418,2089),(418,2090),(419,2091),(419,2092),(419,2093),(419,2094),(419,2095),(420,2096),(420,2097),(420,2098),(420,2099),(420,2100),(421,2101),(421,2102),(421,2103),(421,2104),(421,2105),(422,2106),(422,2107),(422,2108),(422,2109),(422,2110),(423,2111),(423,2112),(423,2113),(423,2114),(423,2115),(424,2116),(424,2117),(424,2118),(424,2119),(424,2120),(425,2121),(425,2122),(425,2123),(425,2124),(425,2125),(426,2126),(426,2127),(426,2128),(426,2129),(426,2130),(427,2131),(427,2132),(427,2133),(427,2134),(427,2135),(428,2136),(428,2137),(428,2138),(428,2139),(428,2140),(429,2141),(429,2142),(429,2143),(429,2144),(429,2145),(430,2146),(430,2147),(430,2148),(430,2149),(430,2150),(431,2151),(431,2152),(431,2153),(431,2154),(431,2155),(432,2156),(432,2157),(432,2158),(432,2159),(432,2160),(433,2161),(433,2162),(433,2163),(433,2164),(433,2165),(434,2166),(434,2167),(434,2168),(434,2169),(434,2170),(435,2171),(435,2172),(435,2173),(435,2174),(435,2175),(436,2176),(436,2177),(436,2178),(436,2179),(436,2180),(437,2181),(437,2182),(437,2183),(437,2184),(437,2185),(438,2186),(438,2187),(438,2188),(438,2189),(438,2190),(439,2191),(439,2192),(439,2193),(439,2194),(439,2195),(440,2196),(440,2197),(440,2198),(440,2199),(440,2200),(441,2201),(441,2202),(441,2203),(441,2204),(441,2205),(442,2206),(442,2207),(442,2208),(442,2209),(442,2210),(443,2211),(443,2212),(443,2213),(443,2214),(443,2215),(444,2216),(444,2217),(444,2218),(444,2219),(444,2220),(445,2221),(445,2222),(445,2223),(445,2224),(445,2225),(446,2226),(446,2227),(446,2228),(446,2229),(446,2230),(447,2231),(447,2232),(447,2233),(447,2234),(447,2235);
/*!40000 ALTER TABLE `art_grupo_categoria` ENABLE KEYS */;
UNLOCK TABLES;

--
-- Table structure for table `art_local`
--

DROP TABLE IF EXISTS `art_local`;
/*!40101 SET @saved_cs_client     = @@character_set_client */;
/*!40101 SET character_set_client = utf8 */;
CREATE TABLE `art_local` (
  `id_local` int(11) NOT NULL AUTO_INCREMENT,
  `nombre` varchar(50) COLLATE utf8_unicode_ci NOT NULL,
  `descripcion` varchar(100) COLLATE utf8_unicode_ci NOT NULL,
  `id_zona` int(11) NOT NULL,
  KEY `id_zona` (`id_zona`),
  KEY `id_local` (`id_local`),
  CONSTRAINT `art_local_ibfk_1` FOREIGN KEY (`id_zona`) REFERENCES `mp_zona` (`id_zona`) ON DELETE NO ACTION ON UPDATE CASCADE
) ENGINE=InnoDB AUTO_INCREMENT=4 DEFAULT CHARSET=utf8 COLLATE=utf8_unicode_ci;
/*!40101 SET character_set_client = @saved_cs_client */;

--
-- Dumping data for table `art_local`
--

LOCK TABLES `art_local` WRITE;
/*!40000 ALTER TABLE `art_local` DISABLE KEYS */;
INSERT INTO `art_local` VALUES (1,'bunker ','  		  ',1),(2,'alphes ','  		  ',2),(3,'actitud ','  		  ',3);
/*!40000 ALTER TABLE `art_local` ENABLE KEYS */;
UNLOCK TABLES;

--
-- Table structure for table `art_lote`
--

DROP TABLE IF EXISTS `art_lote`;
/*!40101 SET @saved_cs_client     = @@character_set_client */;
/*!40101 SET character_set_client = utf8 */;
CREATE TABLE `art_lote` (
  `id_lote` int(11) NOT NULL AUTO_INCREMENT,
  `id_art_conjunto` int(11) DEFAULT NULL,
  `id_provedor` int(11) DEFAULT NULL,
  `cantidad_total` int(11) NOT NULL,
  `id_cb` int(11) DEFAULT NULL,
  `id_gc` int(11) NOT NULL,
  `descripcion` varchar(100) COLLATE utf8_unicode_ci DEFAULT NULL,
  `id_art_fotos` int(11) DEFAULT NULL,
  KEY `id_art_conjunto` (`id_art_conjunto`),
  KEY `id_provedor` (`id_provedor`),
  KEY `id_cb` (`id_cb`),
  KEY `id_gc` (`id_gc`),
  KEY `id_art_fotos` (`id_art_fotos`),
  KEY `id_lote` (`id_lote`),
  CONSTRAINT `art_lote_ibfk_1` FOREIGN KEY (`id_art_conjunto`) REFERENCES `art_conjunto` (`id_art_conjunto`) ON DELETE NO ACTION ON UPDATE CASCADE,
  CONSTRAINT `art_lote_ibfk_2` FOREIGN KEY (`id_provedor`) REFERENCES `prvd_provedor` (`id_provedor`) ON DELETE NO ACTION ON UPDATE CASCADE,
  CONSTRAINT `art_lote_ibfk_3` FOREIGN KEY (`id_cb`) REFERENCES `art_codigo_barra` (`id_cb`) ON DELETE NO ACTION ON UPDATE CASCADE,
  CONSTRAINT `art_lote_ibfk_4` FOREIGN KEY (`id_gc`) REFERENCES `art_grupo_categoria` (`id_gc`) ON DELETE NO ACTION ON UPDATE CASCADE,
  CONSTRAINT `art_lote_ibfk_5` FOREIGN KEY (`id_art_fotos`) REFERENCES `art_fotos` (`id_art_fotos`) ON DELETE NO ACTION ON UPDATE CASCADE
) ENGINE=InnoDB AUTO_INCREMENT=447 DEFAULT CHARSET=utf8 COLLATE=utf8_unicode_ci;
/*!40101 SET character_set_client = @saved_cs_client */;

--
-- Dumping data for table `art_lote`
--

LOCK TABLES `art_lote` WRITE;
/*!40000 ALTER TABLE `art_lote` DISABLE KEYS */;
INSERT INTO `art_lote` VALUES (1,1,NULL,167,NULL,2,'null',1),(2,2,NULL,2,NULL,3,'null',2),(3,3,NULL,0,NULL,4,'null',3),(4,4,NULL,0,NULL,5,'null',4),(5,5,NULL,3,NULL,6,'null',5),(6,6,NULL,8,NULL,7,'null',6),(7,7,NULL,0,NULL,8,'null',7),(8,8,NULL,0,NULL,9,'null',8),(9,9,NULL,0,NULL,10,'null',9),(10,10,NULL,1,NULL,11,'null',10),(11,11,NULL,2,NULL,12,'null',11),(12,12,NULL,1,NULL,13,'null',12),(13,13,NULL,2,NULL,14,'null',13),(14,14,NULL,2,NULL,15,'null',14),(15,15,NULL,4,NULL,16,'null',15),(16,16,NULL,4,NULL,17,'null',16),(17,17,NULL,2,NULL,18,'null',17),(18,18,NULL,1,NULL,19,'null',18),(19,19,NULL,3,NULL,20,'null',19),(20,20,NULL,2,NULL,21,'null',20),(21,21,NULL,1,NULL,22,'null',21),(22,22,NULL,2,NULL,23,'null',22),(23,23,NULL,2,NULL,24,'null',23),(24,24,NULL,6,NULL,25,'null',24),(25,25,NULL,7,NULL,26,'null',25),(26,26,NULL,8,NULL,27,'null',26),(27,27,NULL,10,NULL,28,'null',27),(28,28,NULL,11,NULL,29,'null',28),(29,29,NULL,9,NULL,30,'null',29),(30,30,NULL,14,NULL,31,'null',30),(31,31,NULL,7,NULL,32,'null',31),(32,32,NULL,10,NULL,33,'null',32),(33,33,NULL,7,NULL,34,'null',33),(34,34,NULL,8,NULL,35,'null',34),(35,35,NULL,5,NULL,36,'null',35),(36,36,NULL,8,NULL,37,'null',36),(37,37,NULL,7,NULL,38,'null',37),(38,38,NULL,5,NULL,39,'null',38),(39,39,NULL,5,NULL,40,'null',39),(40,40,NULL,6,NULL,41,'null',40),(41,41,NULL,2,NULL,42,'null',41),(42,42,NULL,2,NULL,43,'null',42),(43,43,NULL,2,NULL,44,'null',43),(44,44,NULL,2,NULL,45,'null',44),(45,45,NULL,2,NULL,46,'null',45),(46,46,NULL,1,NULL,47,'null',46),(47,47,NULL,6,NULL,48,'null',47),(48,48,NULL,3,NULL,49,'null',48),(49,49,NULL,6,NULL,50,'null',49),(50,50,NULL,7,NULL,51,'null',50),(51,51,NULL,3,NULL,52,'null',51),(52,52,NULL,4,NULL,53,'null',52),(53,53,NULL,8,NULL,54,'null',53),(54,54,NULL,7,NULL,55,'null',54),(55,55,NULL,4,NULL,56,'null',55),(56,56,NULL,9,NULL,57,'null',56),(57,57,NULL,7,NULL,58,'null',57),(58,58,NULL,10,NULL,59,'null',58),(59,59,NULL,11,NULL,60,'null',59),(60,60,NULL,7,NULL,61,'null',60),(61,61,NULL,10,NULL,62,'null',61),(62,62,NULL,7,NULL,63,'null',62),(63,63,NULL,10,NULL,64,'null',63),(64,64,NULL,8,NULL,65,'null',64),(65,65,NULL,5,NULL,66,'null',65),(66,66,NULL,4,NULL,67,'null',66),(67,67,NULL,11,NULL,68,'null',67),(68,68,NULL,7,NULL,69,'null',68),(69,69,NULL,8,NULL,70,'null',69),(70,70,NULL,2,NULL,71,'null',70),(71,71,NULL,5,NULL,72,'null',71),(72,72,NULL,13,NULL,73,'null',72),(73,73,NULL,9,NULL,74,'null',73),(74,74,NULL,10,NULL,75,'null',74),(75,75,NULL,16,NULL,76,'null',75),(76,76,NULL,9,NULL,77,'null',76),(77,77,NULL,18,NULL,78,'null',77),(78,78,NULL,17,NULL,79,'null',78),(79,79,NULL,4,NULL,80,'null',79),(80,80,NULL,4,NULL,81,'null',80),(81,81,NULL,4,NULL,82,'null',81),(82,82,NULL,1,NULL,83,'null',82),(83,83,NULL,1,NULL,84,'null',83),(84,84,NULL,4,NULL,85,'null',84),(85,85,NULL,4,NULL,86,'null',85),(86,86,NULL,6,NULL,87,'null',86),(87,87,NULL,10,NULL,88,'null',87),(88,88,NULL,7,NULL,89,'null',88),(89,89,NULL,3,NULL,90,'null',89),(90,90,NULL,2,NULL,91,'null',90),(91,91,NULL,1,NULL,92,'null',91),(92,92,NULL,3,NULL,93,'null',92),(93,93,NULL,3,NULL,94,'null',93),(94,94,NULL,3,NULL,95,'null',94),(95,95,NULL,3,NULL,96,'null',95),(96,96,NULL,6,NULL,97,'null',96),(97,97,NULL,1,NULL,98,'null',97),(98,98,NULL,2,NULL,99,'null',98),(99,99,NULL,2,NULL,100,'null',99),(100,100,NULL,1,NULL,101,'null',100),(101,101,NULL,1,NULL,102,'null',101),(102,102,NULL,1,NULL,103,'null',102),(103,103,NULL,1,NULL,104,'null',103),(104,104,NULL,4,NULL,105,'null',104),(105,105,NULL,4,NULL,106,'null',105),(106,106,NULL,9,NULL,107,'null',106),(107,107,NULL,9,NULL,108,'null',107),(108,108,NULL,6,NULL,109,'null',108),(109,109,NULL,7,NULL,110,'null',109),(110,110,NULL,6,NULL,111,'null',110),(111,111,NULL,4,NULL,112,'null',111),(112,112,NULL,2,NULL,113,'null',112),(113,113,NULL,3,NULL,114,'null',113),(114,114,NULL,2,NULL,115,'null',114),(115,115,NULL,1,NULL,116,'null',115),(116,116,NULL,3,NULL,117,'null',116),(117,117,NULL,2,NULL,118,'null',117),(118,118,NULL,1,NULL,119,'null',118),(119,119,NULL,2,NULL,120,'null',119),(120,120,NULL,2,NULL,121,'null',120),(121,121,NULL,2,NULL,122,'null',121),(122,122,NULL,1,NULL,123,'null',122),(123,123,NULL,2,NULL,124,'null',123),(124,124,NULL,1,NULL,125,'null',124),(125,125,NULL,1,NULL,126,'null',125),(126,126,NULL,3,NULL,127,'null',126),(127,127,NULL,4,NULL,128,'null',127),(128,128,NULL,4,NULL,129,'null',128),(129,129,NULL,3,NULL,130,'null',129),(130,130,NULL,3,NULL,131,'null',130),(131,131,NULL,5,NULL,132,'null',131),(132,132,NULL,3,NULL,133,'null',132),(133,133,NULL,7,NULL,134,'null',133),(134,134,NULL,3,NULL,135,'null',134),(135,135,NULL,1,NULL,136,'null',135),(136,136,NULL,1,NULL,137,'null',136),(137,137,NULL,4,NULL,138,'null',137),(138,138,NULL,1,NULL,139,'null',138),(139,139,NULL,4,NULL,140,'null',139),(140,140,NULL,1,NULL,141,'null',140),(141,141,NULL,2,NULL,142,'null',141),(142,142,NULL,1,NULL,143,'null',142),(143,143,NULL,1,NULL,144,'null',143),(144,144,NULL,2,NULL,145,'null',144),(145,145,NULL,4,NULL,146,'null',145),(146,146,NULL,8,NULL,147,'null',146),(147,147,NULL,4,NULL,148,'null',147),(148,148,NULL,6,NULL,149,'null',148),(149,149,NULL,4,NULL,150,'null',149),(150,150,NULL,8,NULL,151,'null',150),(151,151,NULL,2,NULL,152,'null',151),(152,152,NULL,9,NULL,153,'null',152),(153,153,NULL,1,NULL,154,'null',153),(154,154,NULL,4,NULL,155,'null',154),(155,155,NULL,8,NULL,156,'null',155),(156,156,NULL,6,NULL,157,'null',156),(157,157,NULL,5,NULL,158,'null',157),(158,158,NULL,1,NULL,159,'null',158),(159,159,NULL,2,NULL,160,'null',159),(160,160,NULL,8,NULL,161,'null',160),(161,161,NULL,6,NULL,162,'null',161),(162,162,NULL,1,NULL,163,'null',162),(163,163,NULL,2,NULL,164,'null',163),(164,164,NULL,5,NULL,165,'null',164),(165,165,NULL,2,NULL,166,'null',165),(166,166,NULL,3,NULL,167,'null',166),(167,167,NULL,4,NULL,168,'null',167),(168,168,NULL,4,NULL,169,'null',168),(169,169,NULL,4,NULL,170,'null',169),(170,170,NULL,1,NULL,171,'null',170),(171,171,NULL,1,NULL,172,'null',171),(172,172,NULL,2,NULL,173,'null',172),(173,173,NULL,2,NULL,174,'null',173),(174,174,NULL,4,NULL,175,'null',174),(175,175,NULL,3,NULL,176,'null',175),(176,176,NULL,3,NULL,177,'null',176),(177,177,NULL,1,NULL,178,'null',177),(178,178,NULL,5,NULL,179,'null',178),(179,179,NULL,7,NULL,180,'null',179),(180,180,NULL,5,NULL,181,'null',180),(181,181,NULL,9,NULL,182,'null',181),(182,182,NULL,7,NULL,183,'null',182),(183,183,NULL,10,NULL,184,'null',183),(184,184,NULL,8,NULL,185,'null',184),(185,185,NULL,11,NULL,186,'null',185),(186,186,NULL,14,NULL,187,'null',186),(187,187,NULL,15,NULL,188,'null',187),(188,188,NULL,3,NULL,189,'null',188),(189,189,NULL,7,NULL,190,'null',189),(190,190,NULL,6,NULL,191,'null',190),(191,191,NULL,2,NULL,192,'null',191),(192,192,NULL,1,NULL,193,'null',192),(193,193,NULL,1,NULL,194,'null',193),(194,194,NULL,1,NULL,195,'null',194),(195,195,NULL,1,NULL,196,'null',195),(196,196,NULL,3,NULL,197,'null',196),(197,197,NULL,4,NULL,198,'null',197),(198,198,NULL,0,NULL,199,'null',198),(199,199,NULL,1,NULL,200,'null',199),(200,200,NULL,1,NULL,201,'null',200),(201,201,NULL,1,NULL,202,'null',201),(202,202,NULL,2,NULL,203,'null',202),(203,203,NULL,1,NULL,204,'null',203),(204,204,NULL,2,NULL,205,'null',204),(205,205,NULL,1,NULL,206,'null',205),(206,206,NULL,3,NULL,207,'null',206),(207,207,NULL,3,NULL,208,'null',207),(208,208,NULL,1,NULL,209,'null',208),(209,209,NULL,1,NULL,210,'null',209),(210,210,NULL,1,NULL,211,'null',210),(211,211,NULL,1,NULL,212,'null',211),(212,212,NULL,2,NULL,213,'null',212),(213,213,NULL,3,NULL,214,'null',213),(214,214,NULL,4,NULL,215,'null',214),(215,215,NULL,2,NULL,216,'null',215),(216,216,NULL,1,NULL,217,'null',216),(217,217,NULL,1,NULL,218,'null',217),(218,218,NULL,1,NULL,219,'null',218),(219,219,NULL,2,NULL,220,'null',219),(220,220,NULL,2,NULL,221,'null',220),(221,221,NULL,2,NULL,222,'null',221),(222,222,NULL,1,NULL,223,'null',222),(223,223,NULL,1,NULL,224,'null',223),(224,224,NULL,1,NULL,225,'null',224),(225,225,NULL,1,NULL,226,'null',225),(226,226,NULL,3,NULL,227,'null',226),(227,227,NULL,5,NULL,228,'null',227),(228,228,NULL,4,NULL,229,'null',228),(229,229,NULL,1,NULL,230,'null',229),(230,230,NULL,4,NULL,231,'null',230),(231,231,NULL,4,NULL,232,'null',231),(232,232,NULL,3,NULL,233,'null',232),(233,233,NULL,2,NULL,234,'null',233),(234,234,NULL,1,NULL,235,'null',234),(235,235,NULL,5,NULL,236,'null',235),(236,236,NULL,2,NULL,237,'null',236),(237,237,NULL,3,NULL,238,'null',237),(238,238,NULL,2,NULL,239,'null',238),(239,239,NULL,2,NULL,240,'null',239),(240,240,NULL,1,NULL,241,'null',240),(241,241,NULL,2,NULL,242,'null',241),(242,242,NULL,2,NULL,243,'null',242),(243,243,NULL,2,NULL,244,'null',243),(244,244,NULL,2,NULL,245,'null',244),(245,245,NULL,2,NULL,246,'null',245),(246,246,NULL,3,NULL,247,'null',246),(247,247,NULL,1,NULL,248,'null',247),(248,248,NULL,1,NULL,249,'null',248),(249,249,NULL,2,NULL,250,'null',249),(250,250,NULL,133,NULL,251,'null',250),(251,251,NULL,99,NULL,252,'null',251),(252,252,NULL,120,NULL,253,'null',252),(253,253,NULL,78,NULL,254,'null',253),(254,254,NULL,62,NULL,255,'null',254),(255,255,NULL,9,NULL,256,'null',255),(256,256,NULL,13,NULL,257,'null',256),(257,257,NULL,15,NULL,258,'null',257),(258,258,NULL,10,NULL,259,'null',258),(259,259,NULL,6,NULL,260,'null',259),(260,260,NULL,9,NULL,261,'null',260),(261,261,NULL,4,NULL,262,'null',261),(262,262,NULL,6,NULL,263,'null',262),(263,263,NULL,25,NULL,264,'null',263),(264,264,NULL,32,NULL,265,'null',264),(265,265,NULL,21,NULL,266,'null',265),(266,266,NULL,8,NULL,267,'null',266),(267,267,NULL,14,NULL,268,'null',267),(268,268,NULL,18,NULL,269,'null',268),(269,269,NULL,9,NULL,270,'null',269),(270,270,NULL,5,NULL,271,'null',270),(271,271,NULL,3,NULL,272,'null',271),(272,272,NULL,4,NULL,273,'null',272),(273,273,NULL,1,NULL,274,'null',273),(274,274,NULL,0,NULL,275,'null',274),(275,275,NULL,136,NULL,276,'null',275),(276,276,NULL,105,NULL,277,'null',276),(277,277,NULL,108,NULL,278,'null',277),(278,278,NULL,132,NULL,279,'null',278),(279,279,NULL,68,NULL,280,'null',279),(280,280,NULL,3,NULL,281,'null',280),(281,281,NULL,23,NULL,282,'null',281),(282,282,NULL,28,NULL,283,'null',282),(283,283,NULL,19,NULL,284,'null',283),(284,284,NULL,11,NULL,285,'null',284),(285,285,NULL,7,NULL,286,'null',285),(286,286,NULL,9,NULL,287,'null',286),(287,287,NULL,24,NULL,288,'null',287),(288,288,NULL,16,NULL,289,'null',288),(289,289,NULL,3,NULL,290,'null',289),(290,290,NULL,6,NULL,291,'null',290),(291,291,NULL,10,NULL,292,'null',291),(292,292,NULL,3,NULL,293,'null',292),(293,293,NULL,55,NULL,294,'null',293),(294,294,NULL,39,NULL,295,'null',294),(295,295,NULL,35,NULL,296,'null',295),(296,296,NULL,25,NULL,297,'null',296),(297,297,NULL,9,NULL,298,'null',297),(298,298,NULL,7,NULL,299,'null',298),(299,299,NULL,2,NULL,300,'null',299),(300,300,NULL,1,NULL,301,'null',300),(301,301,NULL,3,NULL,302,'null',301),(302,302,NULL,14,NULL,303,'null',302),(303,303,NULL,14,NULL,304,'null',303),(304,304,NULL,16,NULL,305,'null',304),(305,305,NULL,6,NULL,306,'null',305),(306,306,NULL,1,NULL,307,'null',306),(307,307,NULL,5,NULL,308,'null',307),(308,308,NULL,3,NULL,309,'null',308),(309,309,NULL,251,NULL,310,'null',309),(310,310,NULL,218,NULL,311,'null',310),(311,311,NULL,131,NULL,312,'null',311),(312,312,NULL,132,NULL,313,'null',312),(313,313,NULL,93,NULL,314,'null',313),(314,314,NULL,14,NULL,315,'null',314),(315,315,NULL,7,NULL,316,'null',315),(316,316,NULL,6,NULL,317,'null',316),(317,317,NULL,5,NULL,318,'null',317),(318,318,NULL,2,NULL,319,'null',318),(319,319,NULL,10,NULL,320,'null',319),(320,320,NULL,13,NULL,321,'null',320),(321,321,NULL,7,NULL,322,'null',321),(322,322,NULL,1,NULL,323,'null',322),(323,323,NULL,1,NULL,324,'null',323),(324,324,NULL,2,NULL,325,'null',324),(325,325,NULL,3,NULL,326,'null',325),(326,326,NULL,11,NULL,327,'null',326),(327,327,NULL,7,NULL,328,'null',327),(328,328,NULL,6,NULL,329,'null',328),(329,329,NULL,8,NULL,330,'null',329),(330,330,NULL,3,NULL,331,'null',330),(331,331,NULL,3,NULL,332,'null',331),(332,332,NULL,1,NULL,333,'null',332),(333,333,NULL,2,NULL,334,'null',333),(334,334,NULL,5,NULL,335,'null',334),(335,335,NULL,4,NULL,336,'null',335),(336,336,NULL,3,NULL,337,'null',336),(337,337,NULL,2,NULL,338,'null',337),(338,338,NULL,4,NULL,339,'null',338),(339,339,NULL,2,NULL,340,'null',339),(340,340,NULL,2,NULL,341,'null',340),(341,341,NULL,1,NULL,342,'null',341),(342,342,NULL,1,NULL,343,'null',342),(343,343,NULL,2,NULL,344,'null',343),(344,344,NULL,1,NULL,345,'null',344),(345,345,NULL,2,NULL,346,'null',345),(346,346,NULL,1,NULL,347,'null',346),(347,347,NULL,1,NULL,348,'null',347),(348,348,NULL,2,NULL,349,'null',348),(349,349,NULL,1,NULL,350,'null',349),(350,350,NULL,1,NULL,351,'null',350),(351,351,NULL,3,NULL,352,'null',351),(352,352,NULL,3,NULL,353,'null',352),(353,353,NULL,2,NULL,354,'null',353),(354,354,NULL,1,NULL,355,'null',354),(355,355,NULL,2,NULL,356,'null',355),(356,356,NULL,2,NULL,357,'null',356),(357,357,NULL,2,NULL,358,'null',357),(358,358,NULL,1,NULL,359,'null',358),(359,359,NULL,1,NULL,360,'null',359),(360,360,NULL,9,NULL,361,'null',360),(361,361,NULL,6,NULL,362,'null',361),(362,362,NULL,11,NULL,363,'null',362),(363,363,NULL,2,NULL,364,'null',363),(364,364,NULL,54,NULL,365,'null',364),(365,365,NULL,47,NULL,366,'null',365),(366,366,NULL,59,NULL,367,'null',366),(367,367,NULL,59,NULL,368,'null',367),(368,368,NULL,47,NULL,369,'null',368),(369,369,NULL,59,NULL,370,'null',369),(370,370,NULL,7,NULL,371,'null',370),(371,371,NULL,8,NULL,372,'null',371),(372,372,NULL,8,NULL,373,'null',372),(373,373,NULL,12,NULL,374,'null',373),(374,374,NULL,1,NULL,375,'null',374),(375,375,NULL,2,NULL,376,'null',375),(376,376,NULL,1,NULL,377,'null',376),(377,377,NULL,4,NULL,378,'null',377),(378,378,NULL,6,NULL,379,'null',378),(379,379,NULL,1,NULL,380,'null',379),(380,380,NULL,1,NULL,381,'null',380),(381,381,NULL,2,NULL,382,'null',381),(382,382,NULL,9,NULL,383,'null',382),(383,383,NULL,10,NULL,384,'null',383),(384,384,NULL,6,NULL,385,'null',384),(385,385,NULL,2,NULL,386,'null',385),(386,386,NULL,2,NULL,387,'null',386),(387,387,NULL,24,NULL,388,'null',387),(388,388,NULL,2,NULL,389,'null',388),(389,389,NULL,1,NULL,390,'null',389),(390,390,NULL,1,NULL,391,'null',390),(391,391,NULL,8,NULL,392,'null',391),(392,392,NULL,11,NULL,393,'null',392),(393,393,NULL,20,NULL,394,'null',393),(394,394,NULL,6,NULL,395,'null',394),(395,395,NULL,108,NULL,396,'null',395),(396,396,NULL,38,NULL,397,'null',396),(397,397,NULL,25,NULL,398,'null',397),(398,398,NULL,31,NULL,399,'null',398),(399,399,NULL,16,NULL,400,'null',399),(400,400,NULL,3,NULL,401,'null',400),(401,401,NULL,1,NULL,402,'null',401),(402,402,NULL,1,NULL,403,'null',402),(403,403,NULL,1,NULL,404,'null',403),(404,404,NULL,1,NULL,405,'null',404),(405,405,NULL,1,NULL,406,'null',405),(406,406,NULL,1,NULL,407,'null',406),(407,407,NULL,3,NULL,408,'null',407),(408,408,NULL,1,NULL,409,'null',408),(409,409,NULL,7,NULL,410,'null',409),(410,410,NULL,7,NULL,411,'null',410),(411,411,NULL,9,NULL,412,'null',411),(412,412,NULL,3,NULL,413,'null',412),(413,413,NULL,1,NULL,414,'null',413),(414,414,NULL,12,NULL,415,'null',414),(415,415,NULL,8,NULL,416,'null',415),(416,416,NULL,8,NULL,417,'null',416),(417,417,NULL,1,NULL,418,'null',417),(418,418,NULL,1,NULL,419,'null',418),(419,419,NULL,1,NULL,420,'null',419),(420,420,NULL,2,NULL,421,'null',420),(421,421,NULL,1,NULL,422,'null',421),(422,422,NULL,1,NULL,423,'null',422),(423,423,NULL,1,NULL,424,'null',423),(424,424,NULL,3,NULL,425,'null',424),(425,425,NULL,1,NULL,426,'null',425),(426,426,NULL,1,NULL,427,'null',426),(427,427,NULL,1,NULL,428,'null',427),(428,428,NULL,1,NULL,429,'null',428),(429,429,NULL,1,NULL,430,'null',429),(430,430,NULL,1,NULL,431,'null',430),(431,431,NULL,1,NULL,432,'null',431),(432,432,NULL,1,NULL,433,'null',432),(433,433,NULL,1,NULL,434,'null',433),(434,434,NULL,1,NULL,435,'null',434),(435,435,NULL,1,NULL,436,'null',435),(436,436,NULL,1,NULL,437,'null',436),(437,437,NULL,1,NULL,438,'null',437),(438,438,NULL,1,NULL,439,'null',438),(439,439,NULL,1,NULL,440,'null',439),(440,440,NULL,1,NULL,441,'null',440),(441,441,NULL,1,NULL,442,'null',441),(442,442,NULL,1,NULL,443,'null',442),(443,443,NULL,1,NULL,444,'null',443),(444,444,NULL,1,NULL,445,'null',444),(445,445,NULL,2,NULL,446,'null',445),(446,446,NULL,21,NULL,447,'null',446);
/*!40000 ALTER TABLE `art_lote` ENABLE KEYS */;
UNLOCK TABLES;

--
-- Table structure for table `art_lote_local`
--

DROP TABLE IF EXISTS `art_lote_local`;
/*!40101 SET @saved_cs_client     = @@character_set_client */;
/*!40101 SET character_set_client = utf8 */;
CREATE TABLE `art_lote_local` (
  `id_lote_local` int(11) NOT NULL AUTO_INCREMENT,
  `id_lote` int(11) NOT NULL,
  `id_local` int(11) DEFAULT NULL,
  `cantidad_parcial` int(11) NOT NULL,
  `id_carga` int(11) NOT NULL,
  KEY `id_lote` (`id_lote`),
  KEY `id_local` (`id_local`),
  KEY `id_carga` (`id_carga`),
  KEY `id_lote_local` (`id_lote_local`),
  CONSTRAINT `art_lote_local_ibfk_1` FOREIGN KEY (`id_lote`) REFERENCES `art_lote` (`id_lote`) ON DELETE NO ACTION ON UPDATE CASCADE,
  CONSTRAINT `art_lote_local_ibfk_2` FOREIGN KEY (`id_local`) REFERENCES `art_local` (`id_local`) ON DELETE NO ACTION ON UPDATE CASCADE,
  CONSTRAINT `art_lote_local_ibfk_3` FOREIGN KEY (`id_carga`) REFERENCES `art_carga` (`id_carga`) ON DELETE NO ACTION ON UPDATE CASCADE
) ENGINE=InnoDB AUTO_INCREMENT=1337 DEFAULT CHARSET=utf8 COLLATE=utf8_unicode_ci;
/*!40101 SET character_set_client = @saved_cs_client */;

--
-- Dumping data for table `art_lote_local`
--

LOCK TABLES `art_lote_local` WRITE;
/*!40000 ALTER TABLE `art_lote_local` DISABLE KEYS */;
INSERT INTO `art_lote_local` VALUES (1,1,1,106,1),(2,1,2,38,2),(3,1,3,23,3),(4,2,1,2,4),(5,2,2,0,5),(6,2,3,0,6),(7,3,1,0,7),(8,3,2,0,8),(9,3,3,0,9),(10,4,1,0,10),(11,4,2,0,11),(12,4,3,0,12),(13,5,1,0,13),(14,5,2,3,14),(15,5,3,0,15),(16,6,1,5,16),(17,6,2,2,17),(18,6,3,1,18),(19,7,1,0,19),(20,7,2,0,20),(21,7,3,0,21),(22,8,1,0,22),(23,8,2,0,23),(24,8,3,0,24),(25,9,1,0,25),(26,9,2,0,26),(27,9,3,0,27),(28,10,1,0,28),(29,10,2,1,29),(30,10,3,0,30),(31,11,1,0,31),(32,11,2,2,32),(33,11,3,0,33),(34,12,1,0,34),(35,12,2,1,35),(36,12,3,0,36),(37,13,1,0,37),(38,13,2,2,38),(39,13,3,0,39),(40,14,1,0,40),(41,14,2,2,41),(42,14,3,0,42),(43,15,1,0,43),(44,15,2,4,44),(45,15,3,0,45),(46,16,1,0,46),(47,16,2,4,47),(48,16,3,0,48),(49,17,1,0,49),(50,17,2,2,50),(51,17,3,0,51),(52,18,1,1,52),(53,18,2,0,53),(54,18,3,0,54),(55,19,1,0,55),(56,19,2,3,56),(57,19,3,0,57),(58,20,1,0,58),(59,20,2,2,59),(60,20,3,0,60),(61,21,1,0,61),(62,21,2,1,62),(63,21,3,0,63),(64,22,1,0,64),(65,22,2,2,65),(66,22,3,0,66),(67,23,1,0,67),(68,23,2,2,68),(69,23,3,0,69),(70,24,1,4,70),(71,24,2,0,71),(72,24,3,2,72),(73,25,1,5,73),(74,25,2,0,74),(75,25,3,2,75),(76,26,1,6,76),(77,26,2,0,77),(78,26,3,2,78),(79,27,1,9,79),(80,27,2,0,80),(81,27,3,1,81),(82,28,1,10,82),(83,28,2,0,83),(84,28,3,1,84),(85,29,1,7,85),(86,29,2,0,86),(87,29,3,2,87),(88,30,1,12,88),(89,30,2,0,89),(90,30,3,2,90),(91,31,1,5,91),(92,31,2,0,92),(93,31,3,2,93),(94,32,1,9,94),(95,32,2,0,95),(96,32,3,1,96),(97,33,1,4,97),(98,33,2,0,98),(99,33,3,3,99),(100,34,1,7,100),(101,34,2,0,101),(102,34,3,1,102),(103,35,1,5,103),(104,35,2,0,104),(105,35,3,0,105),(106,36,1,6,106),(107,36,2,0,107),(108,36,3,2,108),(109,37,1,5,109),(110,37,2,0,110),(111,37,3,2,111),(112,38,1,3,112),(113,38,2,0,113),(114,38,3,2,114),(115,39,1,3,115),(116,39,2,0,116),(117,39,3,2,117),(118,40,1,4,118),(119,40,2,0,119),(120,40,3,2,120),(121,41,1,1,121),(122,41,2,0,122),(123,41,3,1,123),(124,42,1,1,124),(125,42,2,0,125),(126,42,3,1,126),(127,43,1,1,127),(128,43,2,0,128),(129,43,3,1,129),(130,44,1,1,130),(131,44,2,1,131),(132,44,3,0,132),(133,45,1,1,133),(134,45,2,1,134),(135,45,3,0,135),(136,46,1,0,136),(137,46,2,1,137),(138,46,3,0,138),(139,47,1,6,139),(140,47,2,0,140),(141,47,3,0,141),(142,48,1,0,142),(143,48,2,2,143),(144,48,3,1,144),(145,49,1,5,145),(146,49,2,1,146),(147,49,3,0,147),(148,50,1,5,148),(149,50,2,1,149),(150,50,3,1,150),(151,51,1,1,151),(152,51,2,1,152),(153,51,3,1,153),(154,52,1,2,154),(155,52,2,2,155),(156,52,3,0,156),(157,53,1,5,157),(158,53,2,2,158),(159,53,3,1,159),(160,54,1,4,160),(161,54,2,2,161),(162,54,3,1,162),(163,55,1,2,163),(164,55,2,0,164),(165,55,3,2,165),(166,56,1,7,166),(167,56,2,1,167),(168,56,3,1,168),(169,57,1,5,169),(170,57,2,0,170),(171,57,3,2,171),(172,58,1,7,172),(173,58,2,1,173),(174,58,3,2,174),(175,59,1,7,175),(176,59,2,2,176),(177,59,3,2,177),(178,60,1,4,178),(179,60,2,3,179),(180,60,3,0,180),(181,61,1,6,181),(182,61,2,3,182),(183,61,3,1,183),(184,62,1,4,184),(185,62,2,1,185),(186,62,3,2,186),(187,63,1,5,187),(188,63,2,3,188),(189,63,3,2,189),(190,64,1,3,190),(191,64,2,3,191),(192,64,3,2,192),(193,65,1,3,193),(194,65,2,1,194),(195,65,3,1,195),(196,66,1,3,196),(197,66,2,0,197),(198,66,3,1,198),(199,67,1,6,199),(200,67,2,3,200),(201,67,3,2,201),(202,68,1,4,202),(203,68,2,0,203),(204,68,3,3,204),(205,69,1,6,205),(206,69,2,1,206),(207,69,3,1,207),(208,70,1,0,208),(209,70,2,1,209),(210,70,3,1,210),(211,71,1,3,211),(212,71,2,1,212),(213,71,3,1,213),(214,72,1,8,214),(215,72,2,2,215),(216,72,3,3,216),(217,73,1,7,217),(218,73,2,1,218),(219,73,3,1,219),(220,74,1,9,220),(221,74,2,0,221),(222,74,3,1,222),(223,75,1,12,223),(224,75,2,3,224),(225,75,3,1,225),(226,76,1,6,226),(227,76,2,2,227),(228,76,3,1,228),(229,77,1,16,229),(230,77,2,1,230),(231,77,3,1,231),(232,78,1,12,232),(233,78,2,2,233),(234,78,3,3,234),(235,79,1,2,235),(236,79,2,1,236),(237,79,3,1,237),(238,80,1,1,238),(239,80,2,1,239),(240,80,3,2,240),(241,81,1,3,241),(242,81,2,1,242),(243,81,3,0,243),(244,82,1,0,244),(245,82,2,1,245),(246,82,3,0,246),(247,83,1,0,247),(248,83,2,1,248),(249,83,3,0,249),(250,84,1,2,250),(251,84,2,2,251),(252,84,3,0,252),(253,85,1,2,253),(254,85,2,1,254),(255,85,3,1,255),(256,86,1,2,256),(257,86,2,3,257),(258,86,3,1,258),(259,87,1,5,259),(260,87,2,3,260),(261,87,3,2,261),(262,88,1,4,262),(263,88,2,2,263),(264,88,3,1,264),(265,89,1,1,265),(266,89,2,2,266),(267,89,3,0,267),(268,90,1,0,268),(269,90,2,2,269),(270,90,3,0,270),(271,91,1,0,271),(272,91,2,1,272),(273,91,3,0,273),(274,92,1,1,274),(275,92,2,2,275),(276,92,3,0,276),(277,93,1,1,277),(278,93,2,2,278),(279,93,3,0,279),(280,94,1,2,280),(281,94,2,1,281),(282,94,3,0,282),(283,95,1,2,283),(284,95,2,1,284),(285,95,3,0,285),(286,96,1,5,286),(287,96,2,1,287),(288,96,3,0,288),(289,97,1,0,289),(290,97,2,1,290),(291,97,3,0,291),(292,98,1,0,292),(293,98,2,1,293),(294,98,3,1,294),(295,99,1,0,295),(296,99,2,1,296),(297,99,3,1,297),(298,100,1,1,298),(299,100,2,0,299),(300,100,3,0,300),(301,101,1,0,301),(302,101,2,1,302),(303,101,3,0,303),(304,102,1,1,304),(305,102,2,0,305),(306,102,3,0,306),(307,103,1,1,307),(308,103,2,0,308),(309,103,3,0,309),(310,104,1,2,310),(311,104,2,1,311),(312,104,3,1,312),(313,105,1,1,313),(314,105,2,1,314),(315,105,3,2,315),(316,106,1,5,316),(317,106,2,2,317),(318,106,3,2,318),(319,107,1,6,319),(320,107,2,2,320),(321,107,3,1,321),(322,108,1,2,322),(323,108,2,3,323),(324,108,3,1,324),(325,109,1,4,325),(326,109,2,2,326),(327,109,3,1,327),(328,110,1,3,328),(329,110,2,2,329),(330,110,3,1,330),(331,111,1,2,331),(332,111,2,1,332),(333,111,3,1,333),(334,112,1,0,334),(335,112,2,1,335),(336,112,3,1,336),(337,113,1,0,337),(338,113,2,1,338),(339,113,3,2,339),(340,114,1,1,340),(341,114,2,1,341),(342,114,3,0,342),(343,115,1,0,343),(344,115,2,1,344),(345,115,3,0,345),(346,116,1,1,346),(347,116,2,1,347),(348,116,3,1,348),(349,117,1,1,349),(350,117,2,0,350),(351,117,3,1,351),(352,118,1,1,352),(353,118,2,0,353),(354,118,3,0,354),(355,119,1,0,355),(356,119,2,1,356),(357,119,3,1,357),(358,120,1,0,358),(359,120,2,1,359),(360,120,3,1,360),(361,121,1,1,361),(362,121,2,0,362),(363,121,3,1,363),(364,122,1,0,364),(365,122,2,1,365),(366,122,3,0,366),(367,123,1,0,367),(368,123,2,2,368),(369,123,3,0,369),(370,124,1,0,370),(371,124,2,1,371),(372,124,3,0,372),(373,125,1,0,373),(374,125,2,1,374),(375,125,3,0,375),(376,126,1,2,376),(377,126,2,1,377),(378,126,3,0,378),(379,127,1,2,379),(380,127,2,1,380),(381,127,3,1,381),(382,128,1,3,382),(383,128,2,1,383),(384,128,3,0,384),(385,129,1,2,385),(386,129,2,1,386),(387,129,3,0,387),(388,130,1,2,388),(389,130,2,1,389),(390,130,3,0,390),(391,131,1,3,391),(392,131,2,1,392),(393,131,3,1,393),(394,132,1,1,394),(395,132,2,2,395),(396,132,3,0,396),(397,133,1,3,397),(398,133,2,2,398),(399,133,3,2,399),(400,134,1,1,400),(401,134,2,0,401),(402,134,3,2,402),(403,135,2,1,404),(404,135,3,0,405),(405,136,1,0,406),(406,136,2,1,407),(407,136,3,0,408),(408,137,1,1,409),(409,137,2,3,410),(410,137,3,0,411),(411,138,1,0,412),(412,138,2,1,413),(413,138,3,0,414),(414,139,1,2,415),(415,139,2,2,416),(416,139,3,0,417),(417,140,1,1,418),(418,140,2,0,419),(419,140,3,0,420),(420,141,1,1,421),(421,141,2,1,422),(422,141,3,0,423),(423,142,1,0,424),(424,142,2,1,425),(425,142,3,0,426),(426,143,1,1,427),(427,143,2,0,428),(428,143,3,0,429),(429,144,1,1,430),(430,144,2,0,431),(431,144,3,1,432),(432,145,1,1,433),(433,145,2,2,434),(434,145,3,1,435),(435,146,1,4,436),(436,146,2,2,437),(437,146,3,2,438),(438,147,1,1,439),(439,147,2,1,440),(440,147,3,2,441),(441,148,1,4,442),(442,148,2,1,443),(443,148,3,1,444),(444,149,1,3,445),(445,149,2,1,446),(446,149,3,0,447),(447,150,1,5,448),(448,150,2,2,449),(449,150,3,1,450),(450,151,1,1,451),(451,151,2,0,452),(452,151,3,1,453),(453,152,1,6,454),(454,152,2,2,455),(455,152,3,1,456),(456,153,1,0,457),(457,153,2,1,458),(458,153,3,0,459),(459,154,1,2,460),(460,154,2,1,461),(461,154,3,1,462),(462,155,1,4,463),(463,155,2,3,464),(464,155,3,1,465),(465,156,1,3,466),(466,156,2,2,467),(467,156,3,1,468),(468,157,1,2,469),(469,157,2,2,470),(470,157,3,1,471),(471,158,1,1,472),(472,158,2,0,473),(473,158,3,0,474),(474,159,1,1,475),(475,159,2,1,476),(476,159,3,0,477),(477,160,1,6,478),(478,160,2,0,479),(479,160,3,2,480),(480,161,1,6,481),(481,161,2,0,482),(482,161,3,0,483),(483,162,1,1,484),(484,162,2,0,485),(485,162,3,0,486),(486,163,1,0,487),(487,163,2,1,488),(488,163,3,1,489),(489,164,1,3,490),(490,164,2,1,491),(491,164,3,1,492),(492,165,1,0,493),(493,165,2,1,494),(494,165,3,1,495),(495,166,1,2,496),(496,166,2,0,497),(497,166,3,1,498),(498,167,1,2,499),(499,167,2,1,500),(500,167,3,1,501),(501,168,1,2,502),(502,168,2,1,503),(503,168,3,1,504),(504,169,1,3,505),(505,169,2,0,506),(506,169,3,1,507),(507,170,1,1,508),(508,170,2,0,509),(509,170,3,0,510),(510,171,1,0,511),(511,171,2,1,512),(512,171,3,0,513),(513,172,1,0,514),(514,172,2,2,515),(515,172,3,0,516),(516,173,1,1,517),(517,173,2,1,518),(518,173,3,0,519),(519,174,1,1,520),(520,174,2,2,521),(521,174,3,1,522),(522,175,1,2,523),(523,175,2,1,524),(524,175,3,0,525),(525,176,1,2,526),(526,176,2,1,527),(527,176,3,0,528),(528,177,1,1,529),(529,177,2,0,530),(530,177,3,0,531),(531,178,1,4,532),(532,178,2,0,533),(533,178,3,1,534),(534,179,1,4,535),(535,179,2,2,536),(536,179,3,1,537),(537,180,1,3,538),(538,180,2,2,539),(539,180,3,0,540),(540,181,1,5,541),(541,181,2,3,542),(542,181,3,1,543),(543,182,1,1,544),(544,182,2,3,545),(545,182,3,3,546),(546,183,1,4,547),(547,183,2,3,548),(548,183,3,3,549),(549,184,1,4,550),(550,184,2,2,551),(551,184,3,2,552),(552,185,1,6,553),(553,185,2,3,554),(554,185,3,2,555),(555,186,1,9,556),(556,186,2,3,557),(557,186,3,2,558),(558,187,1,8,559),(559,187,2,3,560),(560,187,3,4,561),(561,188,1,2,562),(562,188,2,0,563),(563,188,3,1,564),(564,189,1,3,565),(565,189,2,1,566),(566,189,3,3,567),(567,190,1,3,568),(568,190,2,2,569),(569,190,3,1,570),(570,191,1,0,571),(571,191,2,2,572),(572,191,3,0,573),(573,192,1,0,574),(574,192,2,1,575),(575,192,3,0,576),(576,193,1,0,577),(577,193,2,1,578),(578,193,3,0,579),(579,194,1,0,580),(580,194,2,1,581),(581,194,3,0,582),(582,195,1,0,583),(583,195,2,1,584),(584,195,3,0,585),(585,196,1,3,586),(586,196,2,0,587),(587,196,3,0,588),(588,197,1,3,589),(589,197,2,0,590),(590,197,3,1,591),(591,198,1,0,592),(592,198,2,0,593),(593,198,3,0,594),(594,199,1,0,595),(595,199,2,1,596),(596,199,3,0,597),(597,200,1,0,598),(598,200,2,1,599),(599,200,3,0,600),(600,201,1,0,601),(601,201,2,1,602),(602,201,3,0,603),(603,202,1,0,604),(604,202,2,1,605),(605,202,3,1,606),(606,203,1,0,607),(607,203,2,1,608),(608,203,3,0,609),(609,204,1,0,610),(610,204,2,1,611),(611,204,3,1,612),(612,205,1,0,613),(613,205,2,1,614),(614,205,3,0,615),(615,206,1,3,616),(616,206,2,0,617),(617,206,3,0,618),(618,207,1,0,619),(619,207,2,2,620),(620,207,3,1,621),(621,208,1,0,622),(622,208,2,1,623),(623,208,3,0,624),(624,209,1,0,625),(625,209,2,1,626),(626,209,3,0,627),(627,210,1,0,628),(628,210,2,1,629),(629,210,3,0,630),(630,211,1,0,631),(631,211,2,1,632),(632,211,3,0,633),(633,212,1,0,634),(634,212,2,1,635),(635,212,3,1,636),(636,213,1,0,637),(637,213,2,1,638),(638,213,3,2,639),(639,214,1,0,640),(640,214,2,2,641),(641,214,3,2,642),(642,215,1,0,643),(643,215,2,2,644),(644,215,3,0,645),(645,216,1,0,646),(646,216,2,1,647),(647,216,3,0,648),(648,217,1,0,649),(649,217,2,1,650),(650,217,3,0,651),(651,218,1,0,652),(652,218,2,1,653),(653,218,3,0,654),(654,219,1,0,655),(655,219,2,2,656),(656,219,3,0,657),(657,220,1,0,658),(658,220,2,2,659),(659,220,3,0,660),(660,221,1,1,661),(661,221,2,1,662),(662,221,3,0,663),(663,222,1,0,664),(664,222,2,1,665),(665,222,3,0,666),(666,223,1,0,667),(667,223,2,1,668),(668,223,3,0,669),(669,224,1,0,670),(670,224,2,1,671),(671,224,3,0,672),(672,225,1,0,673),(673,225,2,1,674),(674,225,3,0,675),(675,226,1,2,676),(676,226,2,0,677),(677,226,3,1,678),(678,227,1,4,679),(679,227,2,0,680),(680,227,3,1,681),(681,228,1,2,682),(682,228,2,0,683),(683,228,3,2,684),(684,229,1,1,685),(685,229,2,0,686),(686,229,3,0,687),(687,230,1,4,688),(688,230,2,0,689),(689,230,3,0,690),(690,231,1,1,691),(691,231,2,0,692),(692,231,3,3,693),(693,232,1,2,694),(694,232,2,0,695),(695,232,3,1,696),(696,233,1,2,697),(697,233,2,0,698),(698,233,3,0,699),(699,234,1,1,700),(700,234,2,0,701),(701,234,3,0,702),(702,235,1,4,703),(703,235,2,0,704),(704,235,3,1,705),(705,236,1,2,706),(706,236,2,0,707),(707,236,3,0,708),(708,237,1,3,709),(709,237,2,0,710),(710,237,3,0,711),(711,238,1,2,712),(712,238,2,0,713),(713,238,3,0,714),(714,239,1,2,715),(715,239,2,0,716),(716,239,3,0,717),(717,240,1,1,718),(718,240,2,0,719),(719,240,3,0,720),(720,241,1,1,721),(721,241,2,0,722),(722,241,3,1,723),(723,242,1,1,724),(724,242,2,0,725),(725,242,3,1,726),(726,243,1,1,727),(727,243,2,0,728),(728,243,3,1,729),(729,244,1,1,730),(730,244,2,0,731),(731,244,3,1,732),(732,245,1,1,733),(733,245,2,0,734),(734,245,3,1,735),(735,246,1,3,736),(736,246,2,0,737),(737,246,3,0,738),(738,247,1,1,739),(739,247,2,0,740),(740,247,3,0,741),(741,248,1,1,742),(742,248,2,0,743),(743,248,3,0,744),(744,249,1,2,745),(745,249,2,0,746),(746,249,3,0,747),(747,250,1,36,748),(748,250,2,59,749),(749,250,3,38,750),(750,251,1,23,751),(751,251,2,41,752),(752,251,3,35,753),(753,252,1,46,754),(754,252,2,56,755),(755,252,3,18,756),(756,253,1,20,757),(757,253,2,39,758),(758,253,3,19,759),(759,254,1,15,760),(760,254,2,25,761),(761,254,3,22,762),(762,255,1,5,763),(763,255,2,4,764),(764,255,3,0,765),(765,256,1,5,766),(766,256,2,6,767),(767,256,3,2,768),(768,257,1,6,769),(769,257,2,6,770),(770,257,3,3,771),(771,258,1,4,772),(772,258,2,6,773),(773,258,3,0,774),(774,259,1,2,775),(775,259,2,4,776),(776,259,3,0,777),(777,260,1,6,778),(778,260,2,2,779),(779,260,3,1,780),(780,261,1,1,781),(781,261,2,2,782),(782,261,3,1,783),(783,262,1,2,784),(784,262,2,2,785),(785,262,3,2,786),(786,263,1,10,787),(787,263,2,7,788),(788,263,3,8,789),(789,264,1,9,790),(790,264,2,9,791),(791,264,3,14,792),(792,265,1,6,793),(793,265,2,8,794),(794,265,3,7,795),(795,266,1,3,796),(796,266,2,2,797),(797,266,3,3,798),(798,267,1,4,799),(799,267,2,5,800),(800,267,3,5,801),(801,268,1,5,802),(802,268,2,5,803),(803,268,3,8,804),(804,269,1,6,805),(805,269,2,1,806),(806,269,3,2,807),(807,270,1,1,808),(808,270,2,1,809),(809,270,3,3,810),(810,271,1,1,811),(811,271,2,0,812),(812,271,3,2,813),(813,272,1,1,814),(814,272,2,1,815),(815,272,3,2,816),(816,273,1,0,817),(817,273,2,1,818),(818,273,3,0,819),(819,274,1,0,820),(820,274,2,0,821),(821,274,3,0,822),(822,275,1,34,823),(823,275,2,64,824),(824,275,3,38,825),(825,276,1,34,826),(826,276,2,36,827),(827,276,3,35,828),(828,277,1,38,829),(829,277,2,26,830),(830,277,3,44,831),(831,278,1,36,832),(832,278,2,46,833),(833,278,3,50,834),(834,279,1,24,835),(835,279,2,18,836),(836,279,3,26,837),(837,280,1,1,838),(838,280,2,2,839),(839,280,3,0,840),(840,281,1,7,841),(841,281,2,11,842),(842,281,3,5,843),(843,282,1,8,844),(844,282,2,13,845),(845,282,3,7,846),(846,283,1,7,847),(847,283,2,6,848),(848,283,3,6,849),(849,284,1,5,850),(850,284,2,3,851),(851,284,3,3,852),(852,285,1,2,853),(853,285,2,2,854),(854,285,3,3,855),(855,286,1,3,856),(856,286,2,4,857),(857,286,3,2,858),(858,287,1,7,859),(859,287,2,6,860),(860,287,3,11,861),(861,288,1,5,862),(862,288,2,2,863),(863,288,3,9,864),(864,289,1,1,865),(865,289,2,0,866),(866,289,3,2,867),(867,290,1,1,868),(868,290,2,0,869),(869,290,3,5,870),(870,291,1,2,871),(871,291,2,0,872),(872,291,3,8,873),(873,292,1,2,874),(874,292,2,0,875),(875,292,3,1,876),(876,293,1,25,877),(877,293,2,18,878),(878,293,3,12,879),(879,294,1,18,880),(880,294,2,10,881),(881,294,3,11,882),(882,295,1,24,883),(883,295,2,4,884),(884,295,3,7,885),(885,296,1,13,886),(886,296,2,8,887),(887,296,3,4,888),(888,297,1,2,889),(889,297,2,5,890),(890,297,3,2,891),(891,298,2,4,893),(892,298,3,3,894),(893,299,1,0,895),(894,299,2,1,896),(895,299,3,1,897),(896,300,1,0,898),(897,300,2,1,899),(898,300,3,0,900),(899,301,1,1,901),(900,301,2,2,902),(901,301,3,0,903),(902,302,1,5,904),(903,302,2,9,905),(904,302,3,0,906),(905,303,1,5,907),(906,303,2,9,908),(907,303,3,0,909),(908,304,1,5,910),(909,304,2,11,911),(910,304,3,0,912),(911,305,1,2,913),(912,305,2,4,914),(913,305,3,0,915),(914,306,1,1,916),(915,306,2,0,917),(916,306,3,0,918),(917,307,1,5,919),(918,307,2,0,920),(919,307,3,0,921),(920,308,1,1,922),(921,308,2,2,923),(922,308,3,0,924),(923,309,1,121,925),(924,309,2,69,926),(925,309,3,61,927),(926,310,1,74,928),(927,310,2,65,929),(928,310,3,79,930),(929,311,1,49,931),(930,311,2,42,932),(931,311,3,40,933),(932,312,1,43,934),(933,312,2,49,935),(934,312,3,40,936),(935,313,1,42,937),(936,313,2,26,938),(937,313,3,25,939),(938,314,1,4,940),(939,314,2,5,941),(940,314,3,5,942),(941,315,1,5,943),(942,315,2,2,944),(943,315,3,0,945),(944,316,1,3,946),(945,316,2,3,947),(946,316,3,0,948),(947,317,1,3,949),(948,317,2,2,950),(949,317,3,0,951),(950,318,1,0,952),(951,318,2,2,953),(952,318,3,0,954),(953,319,1,4,955),(954,319,2,6,956),(955,319,3,0,957),(956,320,1,4,958),(957,320,2,9,959),(958,320,3,0,960),(959,321,1,3,961),(960,321,2,4,962),(961,321,3,0,963),(962,322,1,1,964),(963,322,2,0,965),(964,322,3,0,966),(965,323,1,0,967),(966,323,2,1,968),(967,323,3,0,969),(968,324,1,1,970),(969,324,2,1,971),(970,324,3,0,972),(971,325,1,0,973),(972,325,2,3,974),(973,325,3,0,975),(974,326,1,2,976),(975,326,2,9,977),(976,326,3,0,978),(977,327,1,2,979),(978,327,2,5,980),(979,327,3,0,981),(980,328,1,2,982),(981,328,2,4,983),(982,328,3,0,984),(983,329,1,1,985),(984,329,2,7,986),(985,329,3,0,987),(986,330,1,2,988),(987,330,2,1,989),(988,330,3,0,990),(989,331,1,1,991),(990,331,2,2,992),(991,331,3,0,993),(992,332,1,0,994),(993,332,2,1,995),(994,332,3,0,996),(995,333,1,0,997),(996,333,2,2,998),(997,333,3,0,999),(998,334,1,4,1000),(999,334,2,1,1001),(1000,334,3,0,1002),(1001,335,1,2,1003),(1002,335,2,2,1004),(1003,335,3,0,1005),(1004,336,1,1,1006),(1005,336,2,2,1007),(1006,336,3,0,1008),(1007,337,1,1,1009),(1008,337,2,1,1010),(1009,337,3,0,1011),(1010,338,2,4,1013),(1011,338,3,0,1014),(1012,339,1,2,1015),(1013,339,2,0,1016),(1014,339,3,0,1017),(1015,340,1,1,1018),(1016,340,2,1,1019),(1017,340,3,0,1020),(1018,341,1,1,1021),(1019,341,2,0,1022),(1020,341,3,0,1023),(1021,342,1,0,1024),(1022,342,2,1,1025),(1023,342,3,0,1026),(1024,343,1,0,1027),(1025,343,2,2,1028),(1026,343,3,0,1029),(1027,344,1,0,1030),(1028,344,2,1,1031),(1029,344,3,0,1032),(1030,345,1,1,1033),(1031,345,2,1,1034),(1032,345,3,0,1035),(1033,346,1,0,1036),(1034,346,2,1,1037),(1035,346,3,0,1038),(1036,347,1,1,1039),(1037,347,2,0,1040),(1038,347,3,0,1041),(1039,348,1,1,1042),(1040,348,2,1,1043),(1041,348,3,0,1044),(1042,349,1,0,1045),(1043,349,2,1,1046),(1044,349,3,0,1047),(1045,350,1,0,1048),(1046,350,2,1,1049),(1047,350,3,0,1050),(1048,351,1,0,1051),(1049,351,2,3,1052),(1050,351,3,0,1053),(1051,352,1,3,1054),(1052,352,2,0,1055),(1053,352,3,0,1056),(1054,353,1,2,1057),(1055,353,2,0,1058),(1056,353,3,0,1059),(1057,354,1,1,1060),(1058,354,2,0,1061),(1059,354,3,0,1062),(1060,355,1,2,1063),(1061,355,2,0,1064),(1062,355,3,0,1065),(1063,356,1,1,1066),(1064,356,2,1,1067),(1065,356,3,0,1068),(1066,357,1,1,1069),(1067,357,2,1,1070),(1068,357,3,0,1071),(1069,358,1,0,1072),(1070,358,2,1,1073),(1071,358,3,0,1074),(1072,359,1,1,1075),(1073,359,2,0,1076),(1074,359,3,0,1077),(1075,360,1,4,1078),(1076,360,2,0,1079),(1077,360,3,5,1080),(1078,361,1,3,1081),(1079,361,2,0,1082),(1080,361,3,3,1083),(1081,362,1,6,1084),(1082,362,2,0,1085),(1083,362,3,5,1086),(1084,363,1,2,1087),(1085,363,2,0,1088),(1086,363,3,0,1089),(1087,364,1,15,1090),(1088,364,2,28,1091),(1089,364,3,11,1092),(1090,365,1,20,1093),(1091,365,2,14,1094),(1092,365,3,13,1095),(1093,366,1,19,1096),(1094,366,2,24,1097),(1095,366,3,16,1098),(1096,367,1,25,1099),(1097,367,2,22,1100),(1098,367,3,12,1101),(1099,368,1,20,1102),(1100,368,2,13,1103),(1101,368,3,14,1104),(1102,369,1,19,1105),(1103,369,2,26,1106),(1104,369,3,14,1107),(1105,370,1,1,1108),(1106,370,2,0,1109),(1107,370,3,6,1110),(1108,371,1,1,1111),(1109,371,2,0,1112),(1110,371,3,7,1113),(1111,372,1,3,1114),(1112,372,2,0,1115),(1113,372,3,5,1116),(1114,373,1,1,1117),(1115,373,2,0,1118),(1116,373,3,11,1119),(1117,374,1,1,1120),(1118,374,2,0,1121),(1119,374,3,0,1122),(1120,375,1,2,1123),(1121,375,2,0,1124),(1122,375,3,0,1125),(1123,376,1,1,1126),(1124,376,2,0,1127),(1125,376,3,0,1128),(1126,377,1,0,1129),(1127,377,2,2,1130),(1128,377,3,2,1131),(1129,378,1,6,1132),(1130,378,2,0,1133),(1131,378,3,0,1134),(1132,379,1,1,1135),(1133,379,2,0,1136),(1134,379,3,0,1137),(1135,380,1,1,1138),(1136,380,2,0,1139),(1137,380,3,0,1140),(1138,381,1,2,1141),(1139,381,2,0,1142),(1140,381,3,0,1143),(1141,382,1,9,1144),(1142,382,2,0,1145),(1143,382,3,0,1146),(1144,383,1,1,1147),(1145,383,2,2,1148),(1146,383,3,7,1149),(1147,384,1,3,1150),(1148,384,2,3,1151),(1149,384,3,0,1152),(1150,385,1,2,1153),(1151,385,2,0,1154),(1152,385,3,0,1155),(1153,386,1,2,1156),(1154,386,2,0,1157),(1155,386,3,0,1158),(1156,387,1,2,1159),(1157,387,2,12,1160),(1158,387,3,10,1161),(1159,388,1,2,1162),(1160,388,2,0,1163),(1161,388,3,0,1164),(1162,389,1,1,1165),(1163,389,2,0,1166),(1164,389,3,0,1167),(1165,390,1,0,1168),(1166,390,2,1,1169),(1167,390,3,0,1170),(1168,391,1,6,1171),(1169,391,2,1,1172),(1170,391,3,1,1173),(1171,392,1,5,1174),(1172,392,2,2,1175),(1173,392,3,4,1176),(1174,393,1,6,1177),(1175,393,2,6,1178),(1176,393,3,8,1179),(1177,394,1,4,1180),(1178,394,2,2,1181),(1179,394,3,0,1182),(1180,395,1,50,1183),(1181,395,2,23,1184),(1182,395,3,35,1185),(1183,396,1,17,1186),(1184,396,2,9,1187),(1185,396,3,12,1188),(1186,397,1,4,1189),(1187,397,2,9,1190),(1188,397,3,12,1191),(1189,398,1,8,1192),(1190,398,2,16,1193),(1191,398,3,7,1194),(1192,399,1,10,1195),(1193,399,2,0,1196),(1194,399,3,6,1197),(1195,400,1,0,1198),(1196,400,2,1,1199),(1197,400,3,2,1200),(1198,401,1,0,1201),(1199,401,2,0,1202),(1200,401,3,1,1203),(1201,402,1,0,1204),(1202,402,2,0,1205),(1203,402,3,1,1206),(1204,403,1,0,1207),(1205,403,2,0,1208),(1206,403,3,1,1209),(1207,404,1,0,1210),(1208,404,2,0,1211),(1209,404,3,1,1212),(1210,405,1,1,1213),(1211,405,2,0,1214),(1212,405,3,0,1215),(1213,406,1,0,1216),(1214,406,2,0,1217),(1215,406,3,1,1218),(1216,407,1,0,1219),(1217,407,2,0,1220),(1218,407,3,3,1221),(1219,298,1,0,1222),(1220,408,1,1,1223),(1221,408,2,0,1224),(1222,408,3,0,1225),(1223,409,1,0,1226),(1224,409,2,0,1227),(1225,409,3,7,1228),(1226,410,1,0,1229),(1227,410,2,0,1230),(1228,410,3,7,1231),(1229,411,1,0,1232),(1230,411,2,0,1233),(1231,411,3,9,1234),(1232,412,1,0,1235),(1233,412,2,0,1236),(1234,412,3,3,1237),(1235,413,1,0,1238),(1236,413,2,0,1239),(1237,413,3,1,1240),(1238,414,1,5,1241),(1239,414,2,2,1242),(1240,414,3,5,1243),(1241,415,1,3,1244),(1242,415,2,3,1245),(1243,415,3,2,1246),(1244,416,1,4,1247),(1245,416,2,2,1248),(1246,416,3,2,1249),(1247,417,1,0,1250),(1248,417,2,0,1251),(1249,417,3,1,1252),(1250,418,1,0,1253),(1251,418,2,0,1254),(1252,418,3,1,1255),(1253,419,1,0,1256),(1254,419,2,0,1257),(1255,419,3,1,1258),(1256,420,1,0,1259),(1257,420,2,0,1260),(1258,420,3,2,1261),(1259,421,1,0,1262),(1260,421,2,0,1263),(1261,421,3,1,1264),(1262,422,1,0,1265),(1263,422,2,0,1266),(1264,422,3,1,1267),(1265,423,1,0,1268),(1266,423,2,0,1269),(1267,423,3,1,1270),(1268,424,1,0,1271),(1269,424,2,0,1272),(1270,424,3,3,1273),(1271,425,1,0,1274),(1272,425,2,0,1275),(1273,425,3,1,1276),(1274,426,1,0,1277),(1275,426,2,0,1278),(1276,426,3,1,1279),(1277,427,1,0,1280),(1278,427,2,0,1281),(1279,427,3,1,1282),(1280,428,1,0,1283),(1281,428,2,0,1284),(1282,428,3,1,1285),(1283,429,1,0,1286),(1284,429,2,0,1287),(1285,429,3,1,1288),(1286,430,1,0,1289),(1287,430,2,0,1290),(1288,430,3,1,1291),(1289,431,1,0,1292),(1290,431,2,0,1293),(1291,431,3,1,1294),(1292,432,1,0,1295),(1293,432,2,0,1296),(1294,432,3,1,1297),(1295,433,1,0,1298),(1296,433,2,0,1299),(1297,433,3,1,1300),(1298,434,1,0,1301),(1299,434,2,0,1302),(1300,434,3,1,1303),(1301,435,1,0,1304),(1302,435,2,0,1305),(1303,435,3,1,1306),(1304,436,1,0,1307),(1305,436,2,0,1308),(1306,436,3,1,1309),(1307,437,1,0,1310),(1308,437,2,0,1311),(1309,437,3,1,1312),(1310,438,1,0,1313),(1311,438,2,0,1314),(1312,438,3,1,1315),(1313,439,1,0,1316),(1314,439,2,0,1317),(1315,439,3,1,1318),(1316,440,1,0,1319),(1317,440,2,0,1320),(1318,440,3,1,1321),(1319,441,1,0,1322),(1320,441,2,0,1323),(1321,441,3,1,1324),(1322,442,1,0,1325),(1323,442,2,0,1326),(1324,442,3,1,1327),(1325,443,1,0,1328),(1326,443,2,0,1329),(1327,443,3,1,1330),(1328,444,1,0,1331),(1329,444,2,0,1332),(1330,444,3,1,1333),(1331,445,1,0,1334),(1332,445,2,0,1335),(1333,445,3,2,1336),(1334,446,1,7,1337),(1335,446,2,7,1338),(1336,446,3,7,1339);
/*!40000 ALTER TABLE `art_lote_local` ENABLE KEYS */;
UNLOCK TABLES;

--
-- Table structure for table `art_marca`
--

DROP TABLE IF EXISTS `art_marca`;
/*!40101 SET @saved_cs_client     = @@character_set_client */;
/*!40101 SET character_set_client = utf8 */;
CREATE TABLE `art_marca` (
  `id_marca` int(11) NOT NULL AUTO_INCREMENT,
  `nombre` varchar(50) COLLATE utf8_unicode_ci NOT NULL,
  `descripcion` varchar(100) COLLATE utf8_unicode_ci DEFAULT NULL,
  KEY `id_marca` (`id_marca`)
) ENGINE=InnoDB AUTO_INCREMENT=12 DEFAULT CHARSET=utf8 COLLATE=utf8_unicode_ci;
/*!40101 SET character_set_client = @saved_cs_client */;

--
-- Dumping data for table `art_marca`
--

LOCK TABLES `art_marca` WRITE;
/*!40000 ALTER TABLE `art_marca` DISABLE KEYS */;
INSERT INTO `art_marca` VALUES (1,'Kiyaz','null'),(2,'Multimarcas','null'),(3,'John Foos ','null'),(4,'Kohekoe ','null'),(5,'Sodio','null'),(6,'Kohekoe','null'),(7,'Skr','null'),(8,'Skr','null'),(9,'Warlook','null'),(10,'Ocn','null'),(11,'Eikel','null');
/*!40000 ALTER TABLE `art_marca` ENABLE KEYS */;
UNLOCK TABLES;

--
-- Table structure for table `art_no_venta`
--

DROP TABLE IF EXISTS `art_no_venta`;
/*!40101 SET @saved_cs_client     = @@character_set_client */;
/*!40101 SET character_set_client = utf8 */;
CREATE TABLE `art_no_venta` (
  `id_no_venta` int(11) NOT NULL AUTO_INCREMENT,
  `fecha_hora` datetime NOT NULL,
  `id_usuarios` int(11) NOT NULL,
  `id_lote_local` int(11) NOT NULL,
  KEY `id_usuarios` (`id_usuarios`),
  KEY `id_lote_local` (`id_lote_local`),
  KEY `id_no_venta` (`id_no_venta`),
  CONSTRAINT `art_no_venta_ibfk_1` FOREIGN KEY (`id_usuarios`) REFERENCES `usuarios` (`id_usuarios`) ON DELETE NO ACTION ON UPDATE CASCADE,
  CONSTRAINT `art_no_venta_ibfk_2` FOREIGN KEY (`id_lote_local`) REFERENCES `art_lote_local` (`id_lote_local`) ON DELETE NO ACTION ON UPDATE CASCADE
) ENGINE=InnoDB DEFAULT CHARSET=utf8 COLLATE=utf8_unicode_ci;
/*!40101 SET character_set_client = @saved_cs_client */;

--
-- Dumping data for table `art_no_venta`
--

LOCK TABLES `art_no_venta` WRITE;
/*!40000 ALTER TABLE `art_no_venta` DISABLE KEYS */;
/*!40000 ALTER TABLE `art_no_venta` ENABLE KEYS */;
UNLOCK TABLES;

--
-- Table structure for table `art_tipo`
--

DROP TABLE IF EXISTS `art_tipo`;
/*!40101 SET @saved_cs_client     = @@character_set_client */;
/*!40101 SET character_set_client = utf8 */;
CREATE TABLE `art_tipo` (
  `id_tipo` int(11) NOT NULL AUTO_INCREMENT,
  `nombre` varchar(100) COLLATE utf8_unicode_ci DEFAULT NULL,
  `descripcion` varchar(100) COLLATE utf8_unicode_ci DEFAULT NULL,
  KEY `id_tipo` (`id_tipo`)
) ENGINE=InnoDB AUTO_INCREMENT=73 DEFAULT CHARSET=utf8 COLLATE=utf8_unicode_ci;
/*!40101 SET character_set_client = @saved_cs_client */;

--
-- Dumping data for table `art_tipo`
--

LOCK TABLES `art_tipo` WRITE;
/*!40000 ALTER TABLE `art_tipo` DISABLE KEYS */;
INSERT INTO `art_tipo` VALUES (1,'Chupin','null'),(2,'Entalladas','null'),(3,'182 Blanco ','null'),(4,'182 Negro Clasico ','null'),(5,'182 Rojo Clasico','null'),(6,'182 Demin Black','null'),(7,'182 Demin Indigo ','null'),(8,'182 Broch Demin Indigo','null'),(9,'184 Bnco Clasico ','null'),(10,'184 Negro Clasico','null'),(11,'184 Melody Black ','null'),(12,'184 Melody','null'),(13,'184 Decade Plus ','null'),(14,'176 Fred Green ','null'),(15,'172 Scalin Free Washed Black ','null'),(16,'200 Swat Demin Black ','null'),(17,'176 Slash All Demin Black','null'),(18,'176 Fin All Canvas Full Black','null'),(19,'176 Slash All Demin Blue','null'),(20,'176 New Fin Canvas Black','null'),(21,'176 Fin All Demin Black ','null'),(22,'176 Meet All Demin Black','null'),(23,'176 New Fin All Canvas Black ','null'),(24,'176 Boston Black ','null'),(25,'176 Meet Cherry','null'),(26,'184 Broch Demin Indigo','null'),(27,'184 Demin Indigo ','null'),(28,'176 Fin Canvas New Red ','null'),(29,'176 Fin All Canvas Blue','null'),(30,'176 Fin All Canvas Cherry ','null'),(31,'176 Fin Canvas Red ','null'),(32,'184 Global Blanco ','null'),(33,'176 Fin Canvas Black ','null'),(34,'184 Azul  Francia ','null'),(35,'182 Geometri Red ','null'),(36,'Panchas Blue','null'),(37,'Raven','null'),(38,'Skate Black','null'),(39,'184 Autentic Indigo ','null'),(40,'176 Meet Red ','null'),(41,'184 Global Blanco ','null'),(42,'172 Scaline Bordo ','null'),(43,'184 Autentic Blanco','null'),(44,'176 New Fin All Canvas Blue','null'),(45,'184 Stone Blue','null'),(46,'500 Genesis Black ','null'),(47,'176 Meet All Demin Blue','null'),(48,'Panchas Animales ','null'),(49,'Chino ','null'),(50,'Con Cierre ','null'),(51,'Estampas ','null'),(52,'Baño','null'),(53,'Jeans ','null'),(54,'Moda','null'),(55,'Babucha Joggin ','null'),(56,'Entalladas-estampadas ','null'),(57,'Capucha','null'),(58,'Cuello Redondo ','null'),(59,'Inflable Camuflada ','null'),(60,'Inflable Negra Pluma ','null'),(61,'Gabardina Gris ','null'),(62,'Moda','null'),(63,'Inflable ','null'),(64,'Modal ','null'),(65,'Rider White ','null'),(66,'Slacline Red ','null'),(67,'City Red ','null'),(68,'Tarta Blue ','null'),(69,'Skate Red ','null'),(70,'Skate Cherry ','null'),(71,'182 Autentic Indigo ','null'),(72,'Junior ','null');
/*!40000 ALTER TABLE `art_tipo` ENABLE KEYS */;
UNLOCK TABLES;

--
-- Table structure for table `art_unico`
--

DROP TABLE IF EXISTS `art_unico`;
/*!40101 SET @saved_cs_client     = @@character_set_client */;
/*!40101 SET character_set_client = utf8 */;
CREATE TABLE `art_unico` (
  `id_unico` int(11) NOT NULL AUTO_INCREMENT,
  `id_lote_local` int(11) NOT NULL,
  `id_venta` int(11) NOT NULL,
  KEY `id_lote_local` (`id_lote_local`),
  KEY `id_venta` (`id_venta`),
  KEY `id_unico` (`id_unico`),
  CONSTRAINT `art_unico_ibfk_1` FOREIGN KEY (`id_lote_local`) REFERENCES `art_lote_local` (`id_lote_local`) ON DELETE NO ACTION ON UPDATE CASCADE,
  CONSTRAINT `art_unico_ibfk_2` FOREIGN KEY (`id_venta`) REFERENCES `art_venta` (`id_venta`) ON DELETE NO ACTION ON UPDATE CASCADE
) ENGINE=InnoDB AUTO_INCREMENT=2 DEFAULT CHARSET=utf8 COLLATE=utf8_unicode_ci;
/*!40101 SET character_set_client = @saved_cs_client */;

--
-- Dumping data for table `art_unico`
--

LOCK TABLES `art_unico` WRITE;
/*!40000 ALTER TABLE `art_unico` DISABLE KEYS */;
/*!40000 ALTER TABLE `art_unico` ENABLE KEYS */;
UNLOCK TABLES;

--
-- Table structure for table `art_venta`
--

DROP TABLE IF EXISTS `art_venta`;
/*!40101 SET @saved_cs_client     = @@character_set_client */;
/*!40101 SET character_set_client = utf8 */;
CREATE TABLE `art_venta` (
  `id_venta` int(11) NOT NULL AUTO_INCREMENT,
  `fecha_hora` datetime NOT NULL,
  `id_usuarios` int(11) NOT NULL,
  `medio` varchar(100) COLLATE utf8_unicode_ci NOT NULL,
  `total` varchar(100) COLLATE utf8_unicode_ci NOT NULL,
  KEY `id_usuarios` (`id_usuarios`),
  KEY `id_venta` (`id_venta`),
  CONSTRAINT `art_venta_ibfk_1` FOREIGN KEY (`id_usuarios`) REFERENCES `usuarios` (`id_usuarios`) ON DELETE NO ACTION ON UPDATE CASCADE
) ENGINE=InnoDB AUTO_INCREMENT=2 DEFAULT CHARSET=utf8 COLLATE=utf8_unicode_ci;
/*!40101 SET character_set_client = @saved_cs_client */;

--
-- Dumping data for table `art_venta`
--

LOCK TABLES `art_venta` WRITE;
/*!40000 ALTER TABLE `art_venta` DISABLE KEYS */;
/*!40000 ALTER TABLE `art_venta` ENABLE KEYS */;
UNLOCK TABLES;

--
-- Table structure for table `art_venta_medio`
--

DROP TABLE IF EXISTS `art_venta_medio`;
/*!40101 SET @saved_cs_client     = @@character_set_client */;
/*!40101 SET character_set_client = utf8 */;
CREATE TABLE `art_venta_medio` (
  `id_medio` int(11) NOT NULL AUTO_INCREMENT,
  `nombre` varchar(100) COLLATE utf8_unicode_ci NOT NULL,
  `descripcion` int(11) DEFAULT NULL,
  `descuento` int(11) DEFAULT NULL,
  `id_fechas_medio` int(11) DEFAULT NULL,
  `id_dias_medio` int(11) DEFAULT NULL,
  `id_usuario` int(11) DEFAULT NULL,
  KEY `id_fechas_medio` (`id_fechas_medio`),
  KEY `id_dias_medio` (`id_dias_medio`),
  KEY `id_usuario` (`id_usuario`),
  KEY `descripcion` (`descripcion`),
  KEY `id_medio` (`id_medio`),
  CONSTRAINT `art_venta_medio_ibfk_1` FOREIGN KEY (`id_fechas_medio`) REFERENCES `art_venta_medio_fechas` (`id_fechas_medio`) ON DELETE NO ACTION ON UPDATE CASCADE,
  CONSTRAINT `art_venta_medio_ibfk_2` FOREIGN KEY (`id_dias_medio`) REFERENCES `art_venta_medio_dias` (`id_dias_medio`) ON DELETE NO ACTION ON UPDATE CASCADE,
  CONSTRAINT `art_venta_medio_ibfk_3` FOREIGN KEY (`id_usuario`) REFERENCES `usuarios` (`id_usuarios`) ON DELETE NO ACTION ON UPDATE CASCADE,
  CONSTRAINT `art_venta_medio_ibfk_4` FOREIGN KEY (`descripcion`) REFERENCES `art_venta_medio_descripcion` (`id_medio_descripcion`) ON DELETE NO ACTION ON UPDATE CASCADE
) ENGINE=InnoDB AUTO_INCREMENT=19 DEFAULT CHARSET=utf8 COLLATE=utf8_unicode_ci;
/*!40101 SET character_set_client = @saved_cs_client */;

--
-- Dumping data for table `art_venta_medio`
--

LOCK TABLES `art_venta_medio` WRITE;
/*!40000 ALTER TABLE `art_venta_medio` DISABLE KEYS */;
INSERT INTO `art_venta_medio` VALUES (1,'contado ',1,0,1,1,1),(2,'contado debito ',2,0,2,2,1),(3,'naranja z',3,0,3,3,1),(4,'navidad 2017',1,10,4,4,1),(5,'nevada Neva plan ',5,0,5,5,1),(6,'centro card oxigeno ',5,0,6,6,1),(7,'credi cash ',5,0,7,7,1),(8,'bancat ',5,0,8,8,1),(9,'sol ',5,0,9,9,1),(10,'Visa ',5,0,10,10,1),(11,'Ahora 12 visa ',5,0,11,11,1),(12,'NATIVA ',5,0,12,12,1),(13,'NATIVA ahora 12',5,0,13,13,1),(14,'MASTER CARD ',5,0,14,14,1),(15,'MASTER CARD ahora 12',5,0,15,15,1),(16,'CABAL ',5,0,16,16,1),(17,'CABAL ahora 12',5,0,17,17,1),(18,'MAESTRO DEBITO ',5,0,18,18,1);
/*!40000 ALTER TABLE `art_venta_medio` ENABLE KEYS */;
UNLOCK TABLES;

--
-- Table structure for table `art_venta_medio_descripcion`
--

DROP TABLE IF EXISTS `art_venta_medio_descripcion`;
/*!40101 SET @saved_cs_client     = @@character_set_client */;
/*!40101 SET character_set_client = utf8 */;
CREATE TABLE `art_venta_medio_descripcion` (
  `id_medio_descripcion` int(11) NOT NULL AUTO_INCREMENT,
  `nombre` varchar(100) COLLATE utf8_unicode_ci NOT NULL,
  `descripcion` varchar(100) COLLATE utf8_unicode_ci NOT NULL,
  KEY `id_medio_descripcion` (`id_medio_descripcion`)
) ENGINE=InnoDB AUTO_INCREMENT=6 DEFAULT CHARSET=utf8 COLLATE=utf8_unicode_ci;
/*!40101 SET character_set_client = @saved_cs_client */;

--
-- Dumping data for table `art_venta_medio_descripcion`
--

LOCK TABLES `art_venta_medio_descripcion` WRITE;
/*!40000 ALTER TABLE `art_venta_medio_descripcion` DISABLE KEYS */;
INSERT INTO `art_venta_medio_descripcion` VALUES (1,'efectivo','null'),(2,'debito ','null'),(3,'tarjeta de credito ','null'),(4,'promocion ','null'),(5,'tarjeta de credito','null');
/*!40000 ALTER TABLE `art_venta_medio_descripcion` ENABLE KEYS */;
UNLOCK TABLES;

--
-- Table structure for table `art_venta_medio_dias`
--

DROP TABLE IF EXISTS `art_venta_medio_dias`;
/*!40101 SET @saved_cs_client     = @@character_set_client */;
/*!40101 SET character_set_client = utf8 */;
CREATE TABLE `art_venta_medio_dias` (
  `id_dias_medio` int(11) NOT NULL AUTO_INCREMENT,
  `dias` varchar(100) COLLATE utf8_unicode_ci NOT NULL,
  KEY `id_dias_medio` (`id_dias_medio`)
) ENGINE=InnoDB AUTO_INCREMENT=19 DEFAULT CHARSET=utf8 COLLATE=utf8_unicode_ci;
/*!40101 SET character_set_client = @saved_cs_client */;

--
-- Dumping data for table `art_venta_medio_dias`
--

LOCK TABLES `art_venta_medio_dias` WRITE;
/*!40000 ALTER TABLE `art_venta_medio_dias` DISABLE KEYS */;
INSERT INTO `art_venta_medio_dias` VALUES (1,'1&2&3&4&5&6&7'),(2,'1&2&3&4&5&6&7'),(3,'1&2&3&4&5&6&7'),(4,'2'),(5,'1&2&3&4&5&6&7'),(6,'1&2&3&4&5&6&7'),(7,'1&2&3&4&5&6&7'),(8,'1&2&3&4&5&6&7'),(9,'1&2&3&4&5&6&7'),(10,'1&2&3&4&5&6&7'),(11,'4&5&6'),(12,'1&2&3&4&5&6&7'),(13,'4&5&6'),(14,'1&2&3&4&5&6&7'),(15,'4&5&6'),(16,'1&2&3&4&5&6&7'),(17,'4&5&6'),(18,'1&2&3&4&5&6&7');
/*!40000 ALTER TABLE `art_venta_medio_dias` ENABLE KEYS */;
UNLOCK TABLES;

--
-- Table structure for table `art_venta_medio_fechas`
--

DROP TABLE IF EXISTS `art_venta_medio_fechas`;
/*!40101 SET @saved_cs_client     = @@character_set_client */;
/*!40101 SET character_set_client = utf8 */;
CREATE TABLE `art_venta_medio_fechas` (
  `id_fechas_medio` int(11) NOT NULL AUTO_INCREMENT,
  `fecha_hora_inicio` date NOT NULL,
  `fecha_hora_fin` date NOT NULL,
  KEY `id_fechas_medio` (`id_fechas_medio`)
) ENGINE=InnoDB AUTO_INCREMENT=19 DEFAULT CHARSET=utf8 COLLATE=utf8_unicode_ci;
/*!40101 SET character_set_client = @saved_cs_client */;

--
-- Dumping data for table `art_venta_medio_fechas`
--

LOCK TABLES `art_venta_medio_fechas` WRITE;
/*!40000 ALTER TABLE `art_venta_medio_fechas` DISABLE KEYS */;
INSERT INTO `art_venta_medio_fechas` VALUES (1,'2017-11-05','2017-11-08'),(2,'0000-00-00','0000-00-00'),(3,'0000-00-00','0000-00-00'),(4,'0000-00-00','0000-00-00'),(5,'0000-00-00','0000-00-00'),(6,'0000-00-00','0000-00-00'),(7,'0000-00-00','0000-00-00'),(8,'0000-00-00','0000-00-00'),(9,'0000-00-00','0000-00-00'),(10,'0000-00-00','0000-00-00'),(11,'0000-00-00','0000-00-00'),(12,'0000-00-00','0000-00-00'),(13,'0000-00-00','0000-00-00'),(14,'0000-00-00','0000-00-00'),(15,'0000-00-00','0000-00-00'),(16,'0000-00-00','0000-00-00'),(17,'0000-00-00','0000-00-00'),(18,'0000-00-00','0000-00-00');
/*!40000 ALTER TABLE `art_venta_medio_fechas` ENABLE KEYS */;
UNLOCK TABLES;

--
-- Table structure for table `lote_us`
--

DROP TABLE IF EXISTS `lote_us`;
/*!40101 SET @saved_cs_client     = @@character_set_client */;
/*!40101 SET character_set_client = utf8 */;
CREATE TABLE `lote_us` (
  `id_lote_us` int(11) NOT NULL AUTO_INCREMENT,
  `id_usuario` int(11) NOT NULL,
  `id_lote` int(11) NOT NULL,
  KEY `id_usuario` (`id_usuario`),
  KEY `id_lote` (`id_lote`),
  KEY `id_lote_us` (`id_lote_us`),
  CONSTRAINT `lote_us_ibfk_1` FOREIGN KEY (`id_usuario`) REFERENCES `usuarios` (`id_usuarios`) ON DELETE NO ACTION ON UPDATE CASCADE,
  CONSTRAINT `lote_us_ibfk_2` FOREIGN KEY (`id_lote`) REFERENCES `art_lote` (`id_lote`) ON DELETE NO ACTION ON UPDATE CASCADE
) ENGINE=InnoDB AUTO_INCREMENT=447 DEFAULT CHARSET=utf8 COLLATE=utf8_unicode_ci;
/*!40101 SET character_set_client = @saved_cs_client */;

--
-- Dumping data for table `lote_us`
--

LOCK TABLES `lote_us` WRITE;
/*!40000 ALTER TABLE `lote_us` DISABLE KEYS */;
INSERT INTO `lote_us` VALUES (1,1,1),(2,1,2),(3,1,3),(4,1,4),(5,1,5),(6,1,6),(7,1,7),(8,1,8),(9,1,9),(10,1,10),(11,1,11),(12,1,12),(13,1,13),(14,1,14),(15,1,15),(16,1,16),(17,1,17),(18,1,18),(19,1,19),(20,1,20),(21,1,21),(22,1,22),(23,1,23),(24,1,24),(25,1,25),(26,1,26),(27,1,27),(28,1,28),(29,1,29),(30,1,30),(31,1,31),(32,1,32),(33,1,33),(34,1,34),(35,1,35),(36,1,36),(37,1,37),(38,1,38),(39,1,39),(40,1,40),(41,1,41),(42,1,42),(43,1,43),(44,1,44),(45,1,45),(46,1,46),(47,1,47),(48,1,48),(49,1,49),(50,1,50),(51,1,51),(52,1,52),(53,1,53),(54,1,54),(55,1,55),(56,1,56),(57,1,57),(58,1,58),(59,1,59),(60,1,60),(61,1,61),(62,1,62),(63,1,63),(64,1,64),(65,1,65),(66,1,66),(67,1,67),(68,1,68),(69,1,69),(70,1,70),(71,1,71),(72,1,72),(73,1,73),(74,1,74),(75,1,75),(76,1,76),(77,1,77),(78,1,78),(79,1,79),(80,1,80),(81,1,81),(82,1,82),(83,1,83),(84,1,84),(85,1,85),(86,1,86),(87,1,87),(88,1,88),(89,1,89),(90,1,90),(91,1,91),(92,1,92),(93,1,93),(94,1,94),(95,1,95),(96,1,96),(97,1,97),(98,1,98),(99,1,99),(100,1,100),(101,1,101),(102,1,102),(103,1,103),(104,1,104),(105,1,105),(106,1,106),(107,1,107),(108,1,108),(109,1,109),(110,1,110),(111,1,111),(112,1,112),(113,1,113),(114,1,114),(115,1,115),(116,1,116),(117,1,117),(118,1,118),(119,1,119),(120,1,120),(121,1,121),(122,1,122),(123,1,123),(124,1,124),(125,1,125),(126,1,126),(127,1,127),(128,1,128),(129,1,129),(130,1,130),(131,1,131),(132,1,132),(133,1,133),(134,1,134),(135,1,135),(136,1,136),(137,1,137),(138,1,138),(139,1,139),(140,1,140),(141,1,141),(142,1,142),(143,1,143),(144,1,144),(145,1,145),(146,1,146),(147,1,147),(148,1,148),(149,1,149),(150,1,150),(151,1,151),(152,1,152),(153,1,153),(154,1,154),(155,1,155),(156,1,156),(157,1,157),(158,1,158),(159,1,159),(160,1,160),(161,1,161),(162,1,162),(163,1,163),(164,1,164),(165,1,165),(166,1,166),(167,1,167),(168,1,168),(169,1,169),(170,1,170),(171,1,171),(172,1,172),(173,1,173),(174,1,174),(175,1,175),(176,1,176),(177,1,177),(178,1,178),(179,1,179),(180,1,180),(181,1,181),(182,1,182),(183,1,183),(184,1,184),(185,1,185),(186,1,186),(187,1,187),(188,1,188),(189,1,189),(190,1,190),(191,1,191),(192,1,192),(193,1,193),(194,1,194),(195,1,195),(196,1,196),(197,1,197),(198,1,198),(199,1,199),(200,1,200),(201,1,201),(202,1,202),(203,1,203),(204,1,204),(205,1,205),(206,1,206),(207,1,207),(208,1,208),(209,1,209),(210,1,210),(211,1,211),(212,1,212),(213,1,213),(214,1,214),(215,1,215),(216,1,216),(217,1,217),(218,1,218),(219,1,219),(220,1,220),(221,1,221),(222,1,222),(223,1,223),(224,1,224),(225,1,225),(226,1,226),(227,1,227),(228,1,228),(229,1,229),(230,1,230),(231,1,231),(232,1,232),(233,1,233),(234,1,234),(235,1,235),(236,1,236),(237,1,237),(238,1,238),(239,1,239),(240,1,240),(241,1,241),(242,1,242),(243,1,243),(244,1,244),(245,1,245),(246,1,246),(247,1,247),(248,1,248),(249,1,249),(250,1,250),(251,1,251),(252,1,252),(253,1,253),(254,1,254),(255,1,255),(256,1,256),(257,1,257),(258,1,258),(259,1,259),(260,1,260),(261,1,261),(262,1,262),(263,1,263),(264,1,264),(265,1,265),(266,1,266),(267,1,267),(268,1,268),(269,1,269),(270,1,270),(271,1,271),(272,1,272),(273,1,273),(274,1,274),(275,1,275),(276,1,276),(277,1,277),(278,1,278),(279,1,279),(280,1,280),(281,1,281),(282,1,282),(283,1,283),(284,1,284),(285,1,285),(286,1,286),(287,1,287),(288,1,288),(289,1,289),(290,1,290),(291,1,291),(292,1,292),(293,1,293),(294,1,294),(295,1,295),(296,1,296),(297,1,297),(298,1,298),(299,1,299),(300,1,300),(301,1,301),(302,1,302),(303,1,303),(304,1,304),(305,1,305),(306,1,306),(307,1,307),(308,1,308),(309,1,309),(310,1,310),(311,1,311),(312,1,312),(313,1,313),(314,1,314),(315,1,315),(316,1,316),(317,1,317),(318,1,318),(319,1,319),(320,1,320),(321,1,321),(322,1,322),(323,1,323),(324,1,324),(325,1,325),(326,1,326),(327,1,327),(328,1,328),(329,1,329),(330,1,330),(331,1,331),(332,1,332),(333,1,333),(334,1,334),(335,1,335),(336,1,336),(337,1,337),(338,1,338),(339,1,339),(340,1,340),(341,1,341),(342,1,342),(343,1,343),(344,1,344),(345,1,345),(346,1,346),(347,1,347),(348,1,348),(349,1,349),(350,1,350),(351,1,351),(352,1,352),(353,1,353),(354,1,354),(355,1,355),(356,1,356),(357,1,357),(358,1,358),(359,1,359),(360,1,360),(361,1,361),(362,1,362),(363,1,363),(364,1,364),(365,1,365),(366,1,366),(367,1,367),(368,1,368),(369,1,369),(370,1,370),(371,1,371),(372,1,372),(373,1,373),(374,1,374),(375,1,375),(376,1,376),(377,1,377),(378,1,378),(379,1,379),(380,1,380),(381,1,381),(382,1,382),(383,1,383),(384,1,384),(385,1,385),(386,1,386),(387,1,387),(388,1,388),(389,1,389),(390,1,390),(391,1,391),(392,1,392),(393,1,393),(394,1,394),(395,1,395),(396,1,396),(397,1,397),(398,1,398),(399,1,399),(400,1,400),(401,1,401),(402,1,402),(403,1,403),(404,1,404),(405,1,405),(406,1,406),(407,1,407),(408,1,408),(409,1,409),(410,1,410),(411,1,411),(412,1,412),(413,1,413),(414,1,414),(415,1,415),(416,1,416),(417,1,417),(418,1,418),(419,1,419),(420,1,420),(421,1,421),(422,1,422),(423,1,423),(424,1,424),(425,1,425),(426,1,426),(427,1,427),(428,1,428),(429,1,429),(430,1,430),(431,1,431),(432,1,432),(433,1,433),(434,1,434),(435,1,435),(436,1,436),(437,1,437),(438,1,438),(439,1,439),(440,1,440),(441,1,441),(442,1,442),(443,1,443),(444,1,444),(445,1,445),(446,1,446);
/*!40000 ALTER TABLE `lote_us` ENABLE KEYS */;
UNLOCK TABLES;

--
-- Table structure for table `mp_localidad`
--

DROP TABLE IF EXISTS `mp_localidad`;
/*!40101 SET @saved_cs_client     = @@character_set_client */;
/*!40101 SET character_set_client = utf8 */;
CREATE TABLE `mp_localidad` (
  `id_localidad` int(11) NOT NULL AUTO_INCREMENT,
  `valor` varchar(100) COLLATE utf8_unicode_ci NOT NULL,
  `id_provincia` int(11) NOT NULL,
  `id_pais` int(11) NOT NULL,
  KEY `id_pais` (`id_pais`),
  KEY `id_provincia` (`id_provincia`),
  KEY `id_localidad` (`id_localidad`),
  CONSTRAINT `mp_localidad_ibfk_1` FOREIGN KEY (`id_pais`) REFERENCES `mp_pais` (`id_pais`) ON DELETE NO ACTION ON UPDATE CASCADE,
  CONSTRAINT `mp_localidad_ibfk_2` FOREIGN KEY (`id_provincia`) REFERENCES `mp_provincia` (`id_provincia`) ON DELETE NO ACTION ON UPDATE CASCADE
) ENGINE=InnoDB AUTO_INCREMENT=2 DEFAULT CHARSET=utf8 COLLATE=utf8_unicode_ci;
/*!40101 SET character_set_client = @saved_cs_client */;

--
-- Dumping data for table `mp_localidad`
--

LOCK TABLES `mp_localidad` WRITE;
/*!40000 ALTER TABLE `mp_localidad` DISABLE KEYS */;
INSERT INTO `mp_localidad` VALUES (1,'San Fernando del Valle de Catamarca',1,1);
/*!40000 ALTER TABLE `mp_localidad` ENABLE KEYS */;
UNLOCK TABLES;

--
-- Table structure for table `mp_market`
--

DROP TABLE IF EXISTS `mp_market`;
/*!40101 SET @saved_cs_client     = @@character_set_client */;
/*!40101 SET character_set_client = utf8 */;
CREATE TABLE `mp_market` (
  `id_market` int(11) NOT NULL AUTO_INCREMENT,
  `id_punto` int(11) DEFAULT NULL,
  `titulo` varchar(50) COLLATE utf8_unicode_ci NOT NULL,
  KEY `id_punto` (`id_punto`),
  KEY `id_market` (`id_market`),
  CONSTRAINT `mp_market_ibfk_1` FOREIGN KEY (`id_punto`) REFERENCES `mp_punto` (`id_punto`) ON DELETE NO ACTION ON UPDATE CASCADE
) ENGINE=InnoDB DEFAULT CHARSET=utf8 COLLATE=utf8_unicode_ci;
/*!40101 SET character_set_client = @saved_cs_client */;

--
-- Dumping data for table `mp_market`
--

LOCK TABLES `mp_market` WRITE;
/*!40000 ALTER TABLE `mp_market` DISABLE KEYS */;
/*!40000 ALTER TABLE `mp_market` ENABLE KEYS */;
UNLOCK TABLES;

--
-- Table structure for table `mp_pais`
--

DROP TABLE IF EXISTS `mp_pais`;
/*!40101 SET @saved_cs_client     = @@character_set_client */;
/*!40101 SET character_set_client = utf8 */;
CREATE TABLE `mp_pais` (
  `id_pais` int(11) NOT NULL AUTO_INCREMENT,
  `valor` varchar(100) COLLATE utf8_unicode_ci NOT NULL,
  KEY `id_pais` (`id_pais`)
) ENGINE=InnoDB AUTO_INCREMENT=2 DEFAULT CHARSET=utf8 COLLATE=utf8_unicode_ci;
/*!40101 SET character_set_client = @saved_cs_client */;

--
-- Dumping data for table `mp_pais`
--

LOCK TABLES `mp_pais` WRITE;
/*!40000 ALTER TABLE `mp_pais` DISABLE KEYS */;
INSERT INTO `mp_pais` VALUES (1,'Argentina');
/*!40000 ALTER TABLE `mp_pais` ENABLE KEYS */;
UNLOCK TABLES;

--
-- Table structure for table `mp_provincia`
--

DROP TABLE IF EXISTS `mp_provincia`;
/*!40101 SET @saved_cs_client     = @@character_set_client */;
/*!40101 SET character_set_client = utf8 */;
CREATE TABLE `mp_provincia` (
  `id_provincia` int(11) NOT NULL AUTO_INCREMENT,
  `valor` varchar(100) COLLATE utf8_unicode_ci NOT NULL,
  `id_pais` int(11) NOT NULL,
  KEY `id_pais` (`id_pais`),
  KEY `id_provincia` (`id_provincia`),
  CONSTRAINT `mp_provincia_ibfk_1` FOREIGN KEY (`id_pais`) REFERENCES `mp_pais` (`id_pais`) ON DELETE NO ACTION ON UPDATE CASCADE
) ENGINE=InnoDB AUTO_INCREMENT=2 DEFAULT CHARSET=utf8 COLLATE=utf8_unicode_ci;
/*!40101 SET character_set_client = @saved_cs_client */;

--
-- Dumping data for table `mp_provincia`
--

LOCK TABLES `mp_provincia` WRITE;
/*!40000 ALTER TABLE `mp_provincia` DISABLE KEYS */;
INSERT INTO `mp_provincia` VALUES (1,'Catamarca',1);
/*!40000 ALTER TABLE `mp_provincia` ENABLE KEYS */;
UNLOCK TABLES;

--
-- Table structure for table `mp_punto`
--

DROP TABLE IF EXISTS `mp_punto`;
/*!40101 SET @saved_cs_client     = @@character_set_client */;
/*!40101 SET character_set_client = utf8 */;
CREATE TABLE `mp_punto` (
  `id_punto` int(11) NOT NULL AUTO_INCREMENT,
  `latitud` int(11) DEFAULT NULL,
  `longitud` int(11) DEFAULT NULL,
  `id_zona` int(11) NOT NULL,
  KEY `id_zona` (`id_zona`),
  KEY `id_punto` (`id_punto`),
  CONSTRAINT `mp_punto_ibfk_1` FOREIGN KEY (`id_zona`) REFERENCES `mp_zona` (`id_zona`) ON DELETE NO ACTION ON UPDATE CASCADE
) ENGINE=InnoDB DEFAULT CHARSET=utf8 COLLATE=utf8_unicode_ci;
/*!40101 SET character_set_client = @saved_cs_client */;

--
-- Dumping data for table `mp_punto`
--

LOCK TABLES `mp_punto` WRITE;
/*!40000 ALTER TABLE `mp_punto` DISABLE KEYS */;
/*!40000 ALTER TABLE `mp_punto` ENABLE KEYS */;
UNLOCK TABLES;

--
-- Table structure for table `mp_zona`
--

DROP TABLE IF EXISTS `mp_zona`;
/*!40101 SET @saved_cs_client     = @@character_set_client */;
/*!40101 SET character_set_client = utf8 */;
CREATE TABLE `mp_zona` (
  `id_zona` int(11) NOT NULL AUTO_INCREMENT,
  `id_pais` int(11) NOT NULL,
  `id_provincia` int(11) NOT NULL,
  `id_localidad` int(11) NOT NULL,
  `direccion` varchar(100) COLLATE utf8_unicode_ci NOT NULL,
  KEY `id_pais` (`id_pais`),
  KEY `id_provincia` (`id_provincia`),
  KEY `id_localidad` (`id_localidad`),
  KEY `id_zona` (`id_zona`),
  CONSTRAINT `mp_zona_ibfk_1` FOREIGN KEY (`id_pais`) REFERENCES `mp_pais` (`id_pais`) ON DELETE NO ACTION ON UPDATE CASCADE,
  CONSTRAINT `mp_zona_ibfk_2` FOREIGN KEY (`id_provincia`) REFERENCES `mp_provincia` (`id_provincia`) ON DELETE NO ACTION ON UPDATE CASCADE,
  CONSTRAINT `mp_zona_ibfk_3` FOREIGN KEY (`id_localidad`) REFERENCES `mp_localidad` (`id_localidad`) ON DELETE NO ACTION ON UPDATE CASCADE
) ENGINE=InnoDB AUTO_INCREMENT=4 DEFAULT CHARSET=utf8 COLLATE=utf8_unicode_ci;
/*!40101 SET character_set_client = @saved_cs_client */;

--
-- Dumping data for table `mp_zona`
--

LOCK TABLES `mp_zona` WRITE;
/*!40000 ALTER TABLE `mp_zona` DISABLE KEYS */;
INSERT INTO `mp_zona` VALUES (1,1,1,1,'rivadavia 1198'),(2,1,1,1,'mate de luna 538'),(3,1,1,1,'rivadavia 736');
/*!40000 ALTER TABLE `mp_zona` ENABLE KEYS */;
UNLOCK TABLES;

--
-- Table structure for table `prvd_datos`
--

DROP TABLE IF EXISTS `prvd_datos`;
/*!40101 SET @saved_cs_client     = @@character_set_client */;
/*!40101 SET character_set_client = utf8 */;
CREATE TABLE `prvd_datos` (
  `id_datos_prvd` int(11) NOT NULL AUTO_INCREMENT,
  `nombre` varchar(100) COLLATE utf8_unicode_ci DEFAULT NULL,
  `cuit` varchar(100) COLLATE utf8_unicode_ci DEFAULT NULL,
  `id_fecha_ab` int(11) DEFAULT NULL,
  `id_foto` int(11) DEFAULT NULL,
  KEY `id_fecha_ab` (`id_fecha_ab`),
  KEY `id_foto` (`id_foto`),
  KEY `id_datos_prvd` (`id_datos_prvd`),
  CONSTRAINT `prvd_datos_ibfk_1` FOREIGN KEY (`id_fecha_ab`) REFERENCES `us_prvd_fecha_ab` (`id_fecha_ab`) ON DELETE NO ACTION ON UPDATE CASCADE,
  CONSTRAINT `prvd_datos_ibfk_2` FOREIGN KEY (`id_foto`) REFERENCES `us_prvd_foto` (`id_foto`) ON DELETE NO ACTION ON UPDATE CASCADE
) ENGINE=InnoDB DEFAULT CHARSET=utf8 COLLATE=utf8_unicode_ci;
/*!40101 SET character_set_client = @saved_cs_client */;

--
-- Dumping data for table `prvd_datos`
--

LOCK TABLES `prvd_datos` WRITE;
/*!40000 ALTER TABLE `prvd_datos` DISABLE KEYS */;
/*!40000 ALTER TABLE `prvd_datos` ENABLE KEYS */;
UNLOCK TABLES;

--
-- Table structure for table `prvd_provedor`
--

DROP TABLE IF EXISTS `prvd_provedor`;
/*!40101 SET @saved_cs_client     = @@character_set_client */;
/*!40101 SET character_set_client = utf8 */;
CREATE TABLE `prvd_provedor` (
  `id_provedor` int(11) NOT NULL AUTO_INCREMENT,
  `id_contacto` int(11) DEFAULT NULL,
  `id_datos_prvd` int(11) DEFAULT NULL,
  `descripcion` varchar(100) COLLATE utf8_unicode_ci DEFAULT NULL,
  KEY `id_contacto` (`id_contacto`),
  KEY `id_datos_prvd` (`id_datos_prvd`),
  KEY `id_provedor` (`id_provedor`),
  CONSTRAINT `prvd_provedor_ibfk_1` FOREIGN KEY (`id_contacto`) REFERENCES `us_prvd_contacto` (`id_contacto`) ON DELETE NO ACTION ON UPDATE CASCADE,
  CONSTRAINT `prvd_provedor_ibfk_2` FOREIGN KEY (`id_datos_prvd`) REFERENCES `prvd_datos` (`id_datos_prvd`) ON DELETE NO ACTION ON UPDATE CASCADE
) ENGINE=InnoDB DEFAULT CHARSET=utf8 COLLATE=utf8_unicode_ci;
/*!40101 SET character_set_client = @saved_cs_client */;

--
-- Dumping data for table `prvd_provedor`
--

LOCK TABLES `prvd_provedor` WRITE;
/*!40000 ALTER TABLE `prvd_provedor` DISABLE KEYS */;
/*!40000 ALTER TABLE `prvd_provedor` ENABLE KEYS */;
UNLOCK TABLES;

--
-- Table structure for table `us_acceso`
--

DROP TABLE IF EXISTS `us_acceso`;
/*!40101 SET @saved_cs_client     = @@character_set_client */;
/*!40101 SET character_set_client = utf8 */;
CREATE TABLE `us_acceso` (
  `id_acceso` int(11) NOT NULL AUTO_INCREMENT,
  `id_local` int(11) NOT NULL,
  `id_usuario` int(11) NOT NULL,
  `fecha_hora_inicio` datetime NOT NULL,
  `fecha_hora_fin` datetime DEFAULT NULL,
  KEY `id_local` (`id_local`),
  KEY `id_usuario` (`id_usuario`),
  KEY `id_acceso` (`id_acceso`),
  CONSTRAINT `us_acceso_ibfk_1` FOREIGN KEY (`id_local`) REFERENCES `art_local` (`id_local`) ON DELETE NO ACTION ON UPDATE CASCADE,
  CONSTRAINT `us_acceso_ibfk_2` FOREIGN KEY (`id_usuario`) REFERENCES `usuarios` (`id_usuarios`) ON DELETE NO ACTION ON UPDATE CASCADE
) ENGINE=InnoDB AUTO_INCREMENT=4 DEFAULT CHARSET=utf8 COLLATE=utf8_unicode_ci;
/*!40101 SET character_set_client = @saved_cs_client */;

--
-- Dumping data for table `us_acceso`
--

LOCK TABLES `us_acceso` WRITE;
/*!40000 ALTER TABLE `us_acceso` DISABLE KEYS */;
/*!40000 ALTER TABLE `us_acceso` ENABLE KEYS */;
UNLOCK TABLES;

--
-- Table structure for table `us_datos`
--

DROP TABLE IF EXISTS `us_datos`;
/*!40101 SET @saved_cs_client     = @@character_set_client */;
/*!40101 SET character_set_client = utf8 */;
CREATE TABLE `us_datos` (
  `id_datos` int(11) NOT NULL AUTO_INCREMENT,
  `nombre` varchar(50) COLLATE utf8_unicode_ci NOT NULL,
  `apellido` varchar(50) COLLATE utf8_unicode_ci NOT NULL,
  `fecha_nac` date DEFAULT NULL,
  `dni` int(8) DEFAULT NULL,
  `id_foto` int(11) NOT NULL,
  `genero` enum('M','F') COLLATE utf8_unicode_ci DEFAULT NULL,
  `id_fecha_ab` int(11) DEFAULT NULL,
  KEY `id_foto` (`id_foto`),
  KEY `id_fecha_ab` (`id_fecha_ab`),
  KEY `id_datos` (`id_datos`),
  CONSTRAINT `us_datos_ibfk_1` FOREIGN KEY (`id_foto`) REFERENCES `us_prvd_foto` (`id_foto`) ON DELETE NO ACTION ON UPDATE CASCADE,
  CONSTRAINT `us_datos_ibfk_2` FOREIGN KEY (`id_fecha_ab`) REFERENCES `us_prvd_fecha_ab` (`id_fecha_ab`) ON DELETE NO ACTION ON UPDATE CASCADE
) ENGINE=InnoDB AUTO_INCREMENT=6 DEFAULT CHARSET=utf8 COLLATE=utf8_unicode_ci;
/*!40101 SET character_set_client = @saved_cs_client */;

--
-- Dumping data for table `us_datos`
--

LOCK TABLES `us_datos` WRITE;
/*!40000 ALTER TABLE `us_datos` DISABLE KEYS */;
INSERT INTO `us_datos` VALUES (1,'Christian','Barrientios','1996-01-31',39014575,2,'M',1),(2,'Cintia ','Brancia ','0000-00-00',NULL,2,'F',2),(3,'Miriam','Vergara ','0000-00-00',NULL,2,'F',3),(4,'Cintia ','Brancia ','0000-00-00',NULL,2,'F',4),(5,'Miriam','Vergara ','0000-00-00',NULL,2,'F',5);
/*!40000 ALTER TABLE `us_datos` ENABLE KEYS */;
UNLOCK TABLES;

--
-- Table structure for table `us_local`
--

DROP TABLE IF EXISTS `us_local`;
/*!40101 SET @saved_cs_client     = @@character_set_client */;
/*!40101 SET character_set_client = utf8 */;
CREATE TABLE `us_local` (
  `id_usuarios_local` int(11) NOT NULL AUTO_INCREMENT,
  `id_usuarios` int(11) NOT NULL,
  `id_zona` int(11) NOT NULL,
  KEY `id_usuarios` (`id_usuarios`),
  KEY `id_zona` (`id_zona`),
  KEY `id_usuarios_local` (`id_usuarios_local`),
  CONSTRAINT `us_local_ibfk_1` FOREIGN KEY (`id_usuarios`) REFERENCES `usuarios` (`id_usuarios`) ON DELETE NO ACTION ON UPDATE CASCADE,
  CONSTRAINT `us_local_ibfk_2` FOREIGN KEY (`id_zona`) REFERENCES `mp_zona` (`id_zona`) ON DELETE NO ACTION ON UPDATE CASCADE
) ENGINE=InnoDB AUTO_INCREMENT=12 DEFAULT CHARSET=utf8 COLLATE=utf8_unicode_ci;
/*!40101 SET character_set_client = @saved_cs_client */;

--
-- Dumping data for table `us_local`
--

LOCK TABLES `us_local` WRITE;
/*!40000 ALTER TABLE `us_local` DISABLE KEYS */;
INSERT INTO `us_local` VALUES (1,1,1),(2,1,2),(3,1,3),(7,5,1),(8,5,3),(9,4,1),(10,4,2),(11,4,3);
/*!40000 ALTER TABLE `us_local` ENABLE KEYS */;
UNLOCK TABLES;

--
-- Table structure for table `us_mark`
--

DROP TABLE IF EXISTS `us_mark`;
/*!40101 SET @saved_cs_client     = @@character_set_client */;
/*!40101 SET character_set_client = utf8 */;
CREATE TABLE `us_mark` (
  `id_market` int(11) DEFAULT NULL,
  `id_usuarios` int(11) DEFAULT NULL,
  KEY `id_usuarios` (`id_usuarios`),
  CONSTRAINT `us_mark_ibfk_1` FOREIGN KEY (`id_usuarios`) REFERENCES `usuarios` (`id_usuarios`) ON DELETE NO ACTION ON UPDATE CASCADE
) ENGINE=InnoDB DEFAULT CHARSET=utf8 COLLATE=utf8_unicode_ci;
/*!40101 SET character_set_client = @saved_cs_client */;

--
-- Dumping data for table `us_mark`
--

LOCK TABLES `us_mark` WRITE;
/*!40000 ALTER TABLE `us_mark` DISABLE KEYS */;
/*!40000 ALTER TABLE `us_mark` ENABLE KEYS */;
UNLOCK TABLES;

--
-- Table structure for table `us_prvd`
--

DROP TABLE IF EXISTS `us_prvd`;
/*!40101 SET @saved_cs_client     = @@character_set_client */;
/*!40101 SET character_set_client = utf8 */;
CREATE TABLE `us_prvd` (
  `id_us_prvd` int(11) NOT NULL AUTO_INCREMENT,
  `id_usuarios` int(11) NOT NULL,
  `id_provedor` int(11) NOT NULL,
  KEY `id_usuarios` (`id_usuarios`),
  KEY `id_provedor` (`id_provedor`),
  KEY `id_us_prvd` (`id_us_prvd`),
  CONSTRAINT `us_prvd_ibfk_1` FOREIGN KEY (`id_usuarios`) REFERENCES `usuarios` (`id_usuarios`) ON DELETE NO ACTION ON UPDATE CASCADE,
  CONSTRAINT `us_prvd_ibfk_2` FOREIGN KEY (`id_provedor`) REFERENCES `prvd_provedor` (`id_provedor`) ON DELETE NO ACTION ON UPDATE CASCADE
) ENGINE=InnoDB DEFAULT CHARSET=utf8 COLLATE=utf8_unicode_ci;
/*!40101 SET character_set_client = @saved_cs_client */;

--
-- Dumping data for table `us_prvd`
--

LOCK TABLES `us_prvd` WRITE;
/*!40000 ALTER TABLE `us_prvd` DISABLE KEYS */;
/*!40000 ALTER TABLE `us_prvd` ENABLE KEYS */;
UNLOCK TABLES;

--
-- Table structure for table `us_prvd_contacto`
--

DROP TABLE IF EXISTS `us_prvd_contacto`;
/*!40101 SET @saved_cs_client     = @@character_set_client */;
/*!40101 SET character_set_client = utf8 */;
CREATE TABLE `us_prvd_contacto` (
  `id_contacto` int(11) NOT NULL AUTO_INCREMENT,
  `id_contacto_tel` int(11) DEFAULT NULL,
  `direccion` varchar(100) COLLATE utf8_unicode_ci DEFAULT NULL,
  `correo` varchar(50) COLLATE utf8_unicode_ci DEFAULT NULL,
  KEY `id_contacto_tel` (`id_contacto_tel`),
  KEY `id_contacto` (`id_contacto`),
  CONSTRAINT `us_prvd_contacto_ibfk_1` FOREIGN KEY (`id_contacto_tel`) REFERENCES `us_prvd_contacto_tel` (`id_contacto_tel`) ON DELETE NO ACTION ON UPDATE CASCADE
) ENGINE=InnoDB AUTO_INCREMENT=6 DEFAULT CHARSET=utf8 COLLATE=utf8_unicode_ci;
/*!40101 SET character_set_client = @saved_cs_client */;

--
-- Dumping data for table `us_prvd_contacto`
--

LOCK TABLES `us_prvd_contacto` WRITE;
/*!40000 ALTER TABLE `us_prvd_contacto` DISABLE KEYS */;
INSERT INTO `us_prvd_contacto` VALUES (1,1,'Cordoba 542','christianbarrientoss@hotmail.com'),(2,2,'NULL','NULL'),(3,3,'NULL','NULL'),(4,4,'NULL','NULL'),(5,5,'NULL','NULL');
/*!40000 ALTER TABLE `us_prvd_contacto` ENABLE KEYS */;
UNLOCK TABLES;

--
-- Table structure for table `us_prvd_contacto_tel`
--

DROP TABLE IF EXISTS `us_prvd_contacto_tel`;
/*!40101 SET @saved_cs_client     = @@character_set_client */;
/*!40101 SET character_set_client = utf8 */;
CREATE TABLE `us_prvd_contacto_tel` (
  `id_contacto_tel` int(11) NOT NULL AUTO_INCREMENT,
  `nro_caracteristica` int(11) DEFAULT NULL,
  `nro_telefono` int(11) DEFAULT NULL,
  KEY `id_contacto_tel` (`id_contacto_tel`)
) ENGINE=InnoDB AUTO_INCREMENT=6 DEFAULT CHARSET=utf8 COLLATE=utf8_unicode_ci;
/*!40101 SET character_set_client = @saved_cs_client */;

--
-- Dumping data for table `us_prvd_contacto_tel`
--

LOCK TABLES `us_prvd_contacto_tel` WRITE;
/*!40000 ALTER TABLE `us_prvd_contacto_tel` DISABLE KEYS */;
INSERT INTO `us_prvd_contacto_tel` VALUES (1,383,154528621),(2,0,NULL),(3,0,NULL),(4,0,NULL),(5,0,NULL);
/*!40000 ALTER TABLE `us_prvd_contacto_tel` ENABLE KEYS */;
UNLOCK TABLES;

--
-- Table structure for table `us_prvd_fecha_ab`
--

DROP TABLE IF EXISTS `us_prvd_fecha_ab`;
/*!40101 SET @saved_cs_client     = @@character_set_client */;
/*!40101 SET character_set_client = utf8 */;
CREATE TABLE `us_prvd_fecha_ab` (
  `id_fecha_ab` int(11) NOT NULL AUTO_INCREMENT,
  `alta` date DEFAULT NULL,
  `baja` date DEFAULT NULL,
  KEY `id_fecha_ab` (`id_fecha_ab`)
) ENGINE=InnoDB AUTO_INCREMENT=6 DEFAULT CHARSET=utf8 COLLATE=utf8_unicode_ci;
/*!40101 SET character_set_client = @saved_cs_client */;

--
-- Dumping data for table `us_prvd_fecha_ab`
--

LOCK TABLES `us_prvd_fecha_ab` WRITE;
/*!40000 ALTER TABLE `us_prvd_fecha_ab` DISABLE KEYS */;
INSERT INTO `us_prvd_fecha_ab` VALUES (1,'2017-09-11',NULL),(2,'0000-00-00','0000-00-00'),(3,'0000-00-00','0000-00-00'),(4,'0000-00-00','0000-00-00'),(5,'0000-00-00','0000-00-00');
/*!40000 ALTER TABLE `us_prvd_fecha_ab` ENABLE KEYS */;
UNLOCK TABLES;

--
-- Table structure for table `us_prvd_foto`
--

DROP TABLE IF EXISTS `us_prvd_foto`;
/*!40101 SET @saved_cs_client     = @@character_set_client */;
/*!40101 SET character_set_client = utf8 */;
CREATE TABLE `us_prvd_foto` (
  `id_foto` int(11) NOT NULL AUTO_INCREMENT,
  `path_foto` varchar(100) COLLATE utf8_unicode_ci DEFAULT NULL,
  KEY `id_foto` (`id_foto`)
) ENGINE=InnoDB AUTO_INCREMENT=449 DEFAULT CHARSET=utf8 COLLATE=utf8_unicode_ci;
/*!40101 SET character_set_client = @saved_cs_client */;

--
-- Dumping data for table `us_prvd_foto`
--

LOCK TABLES `us_prvd_foto` WRITE;
/*!40000 ALTER TABLE `us_prvd_foto` DISABLE KEYS */;
INSERT INTO `us_prvd_foto` VALUES (1,'imagenes/us_prvd/proveedor.jpg'),(2,'imagenes/us_prvd/usuario.jpg'),(3,''),(4,''),(5,''),(6,''),(7,''),(8,''),(9,''),(10,''),(11,''),(12,''),(13,''),(14,''),(15,''),(16,''),(17,''),(18,''),(19,''),(20,''),(21,''),(22,''),(23,''),(24,''),(25,''),(26,''),(27,''),(28,''),(29,''),(30,''),(31,''),(32,''),(33,''),(34,''),(35,''),(36,''),(37,''),(38,''),(39,''),(40,''),(41,''),(42,''),(43,''),(44,''),(45,''),(46,''),(47,''),(48,''),(49,''),(50,''),(51,''),(52,''),(53,''),(54,''),(55,''),(56,''),(57,''),(58,''),(59,''),(60,''),(61,''),(62,''),(63,''),(64,''),(65,''),(66,''),(67,''),(68,''),(69,''),(70,''),(71,''),(72,''),(73,''),(74,''),(75,''),(76,''),(77,''),(78,''),(79,''),(80,''),(81,''),(82,''),(83,''),(84,''),(85,''),(86,''),(87,''),(88,''),(89,''),(90,''),(91,''),(92,''),(93,''),(94,''),(95,''),(96,''),(97,''),(98,''),(99,''),(100,''),(101,''),(102,''),(103,''),(104,''),(105,''),(106,''),(107,''),(108,''),(109,''),(110,''),(111,''),(112,''),(113,''),(114,''),(115,''),(116,''),(117,''),(118,''),(119,''),(120,''),(121,''),(122,''),(123,''),(124,''),(125,''),(126,''),(127,''),(128,''),(129,''),(130,''),(131,''),(132,''),(133,''),(134,''),(135,''),(136,''),(137,''),(138,''),(139,''),(140,''),(141,''),(142,''),(143,''),(144,''),(145,''),(146,''),(147,''),(148,''),(149,''),(150,''),(151,''),(152,''),(153,''),(154,''),(155,''),(156,''),(157,''),(158,''),(159,''),(160,''),(161,''),(162,''),(163,''),(164,''),(165,''),(166,''),(167,''),(168,''),(169,''),(170,''),(171,''),(172,''),(173,''),(174,''),(175,''),(176,''),(177,''),(178,''),(179,''),(180,''),(181,''),(182,''),(183,''),(184,''),(185,''),(186,''),(187,''),(188,''),(189,''),(190,''),(191,''),(192,''),(193,''),(194,''),(195,''),(196,''),(197,''),(198,''),(199,''),(200,''),(201,''),(202,''),(203,''),(204,''),(205,''),(206,''),(207,''),(208,''),(209,''),(210,''),(211,''),(212,''),(213,''),(214,''),(215,''),(216,''),(217,''),(218,''),(219,''),(220,''),(221,''),(222,''),(223,''),(224,''),(225,''),(226,''),(227,''),(228,''),(229,''),(230,''),(231,''),(232,''),(233,''),(234,''),(235,''),(236,''),(237,''),(238,''),(239,''),(240,''),(241,''),(242,''),(243,''),(244,''),(245,''),(246,''),(247,''),(248,''),(249,''),(250,''),(251,''),(252,''),(253,''),(254,''),(255,''),(256,''),(257,''),(258,''),(259,''),(260,''),(261,''),(262,''),(263,''),(264,''),(265,''),(266,''),(267,''),(268,''),(269,''),(270,''),(271,''),(272,''),(273,''),(274,''),(275,''),(276,''),(277,''),(278,''),(279,''),(280,''),(281,''),(282,''),(283,''),(284,''),(285,''),(286,''),(287,''),(288,''),(289,''),(290,''),(291,''),(292,''),(293,''),(294,''),(295,''),(296,''),(297,''),(298,''),(299,''),(300,''),(301,''),(302,''),(303,''),(304,''),(305,''),(306,''),(307,''),(308,''),(309,''),(310,''),(311,''),(312,''),(313,''),(314,''),(315,''),(316,''),(317,''),(318,''),(319,''),(320,''),(321,''),(322,''),(323,''),(324,''),(325,''),(326,''),(327,''),(328,''),(329,''),(330,''),(331,''),(332,''),(333,''),(334,''),(335,''),(336,''),(337,''),(338,''),(339,''),(340,''),(341,''),(342,''),(343,''),(344,''),(345,''),(346,''),(347,''),(348,''),(349,''),(350,''),(351,''),(352,''),(353,''),(354,''),(355,''),(356,''),(357,''),(358,''),(359,''),(360,''),(361,''),(362,''),(363,''),(364,''),(365,''),(366,''),(367,''),(368,''),(369,''),(370,''),(371,''),(372,''),(373,''),(374,''),(375,''),(376,''),(377,''),(378,''),(379,''),(380,''),(381,''),(382,''),(383,''),(384,''),(385,''),(386,''),(387,''),(388,''),(389,''),(390,''),(391,''),(392,''),(393,''),(394,''),(395,''),(396,''),(397,''),(398,''),(399,''),(400,''),(401,''),(402,''),(403,''),(404,''),(405,''),(406,''),(407,''),(408,''),(409,''),(410,''),(411,''),(412,''),(413,''),(414,''),(415,''),(416,''),(417,''),(418,''),(419,''),(420,''),(421,''),(422,''),(423,''),(424,''),(425,''),(426,''),(427,''),(428,''),(429,''),(430,''),(431,''),(432,''),(433,''),(434,''),(435,''),(436,''),(437,''),(438,''),(439,''),(440,''),(441,''),(442,''),(443,''),(444,''),(445,''),(446,''),(447,''),(448,'');
/*!40000 ALTER TABLE `us_prvd_foto` ENABLE KEYS */;
UNLOCK TABLES;

--
-- Table structure for table `usuarios`
--

DROP TABLE IF EXISTS `usuarios`;
/*!40101 SET @saved_cs_client     = @@character_set_client */;
/*!40101 SET character_set_client = utf8 */;
CREATE TABLE `usuarios` (
  `id_usuarios` int(11) NOT NULL AUTO_INCREMENT,
  `id_datos` int(11) DEFAULT NULL,
  `id_contacto` int(11) DEFAULT NULL,
  `acceso` enum('ADMIN','OPER') COLLATE utf8_unicode_ci DEFAULT NULL,
  `usuario` varchar(15) COLLATE utf8_unicode_ci NOT NULL,
  `pass` varchar(20) COLLATE utf8_unicode_ci NOT NULL,
  KEY `id_datos` (`id_datos`),
  KEY `id_contacto` (`id_contacto`),
  KEY `id_usuarios` (`id_usuarios`),
  CONSTRAINT `usuarios_ibfk_1` FOREIGN KEY (`id_datos`) REFERENCES `us_datos` (`id_datos`) ON DELETE NO ACTION ON UPDATE CASCADE,
  CONSTRAINT `usuarios_ibfk_2` FOREIGN KEY (`id_contacto`) REFERENCES `us_prvd_contacto` (`id_contacto`) ON DELETE NO ACTION ON UPDATE CASCADE
) ENGINE=InnoDB AUTO_INCREMENT=6 DEFAULT CHARSET=utf8 COLLATE=utf8_unicode_ci;
/*!40101 SET character_set_client = @saved_cs_client */;

--
-- Dumping data for table `usuarios`
--

LOCK TABLES `usuarios` WRITE;
/*!40000 ALTER TABLE `usuarios` DISABLE KEYS */;
INSERT INTO `usuarios` VALUES (1,1,1,'ADMIN','stock_positivo','aScensopOsitivo7102.'),(4,4,4,'OPER','cintia ','12345'),(5,5,5,'OPER','miriam ','12345');
/*!40000 ALTER TABLE `usuarios` ENABLE KEYS */;
UNLOCK TABLES;
/*!40103 SET TIME_ZONE=@OLD_TIME_ZONE */;

/*!40101 SET SQL_MODE=@OLD_SQL_MODE */;
/*!40014 SET FOREIGN_KEY_CHECKS=@OLD_FOREIGN_KEY_CHECKS */;
/*!40014 SET UNIQUE_CHECKS=@OLD_UNIQUE_CHECKS */;
/*!40101 SET CHARACTER_SET_CLIENT=@OLD_CHARACTER_SET_CLIENT */;
/*!40101 SET CHARACTER_SET_RESULTS=@OLD_CHARACTER_SET_RESULTS */;
/*!40101 SET COLLATION_CONNECTION=@OLD_COLLATION_CONNECTION */;
/*!40111 SET SQL_NOTES=@OLD_SQL_NOTES */;

-- Dump completed on 2017-11-07 14:27:04
